GUID(3536333839320000000000000000000000000000),10.10.20.4:5000,10.10.7.14:5000,10.10.17.1:5000
GUID(3332303639380000000000000000000000000000),10.10.20.19:5000,10.10.14.11:5000
GUID(3735303932360000000000000000000000000000),10.10.3.13:5000,10.10.13.7:5000,10.10.10.7:5000
GUID(3239353432300000000000000000000000000000),10.10.20.10:5000,10.10.10.17:5000,10.10.19.20:5000
GUID(3135343630370000000000000000000000000000),10.10.7.1:5000,10.10.1.5:5000,10.10.11.11:5000
GUID(3636373639330000000000000000000000000000),10.10.2.2:5000,10.10.1.13:5000,10.10.18.8:5000
GUID(3739353832310000000000000000000000000000),10.10.4.10:5000,10.10.1.3:5000,10.10.20.16:5000
GUID(3439383031390000000000000000000000000000),10.10.11.1:5000,10.10.1.13:5000,10.10.19.19:5000
GUID(3836353531340000000000000000000000000000),10.10.5.20:5000,10.10.1.12:5000,10.10.2.6:5000
GUID(3734313637380000000000000000000000000000),10.10.20.10:5000,10.10.1.0:5000,10.10.11.4:5000
GUID(3438313837000000000000000000000000000000),10.10.17.10:5000,10.10.12.20:5000,10.10.19.4:5000
GUID(3730323031310000000000000000000000000000),10.10.16.20:5000,10.10.14.10:5000,10.10.13.14:5000
GUID(3832323039000000000000000000000000000000),10.10.3.18:5000,10.10.10.17:5000,10.10.1.4:5000
GUID(3235303335390000000000000000000000000000),10.10.3.3:5000,10.10.17.11:5000,10.10.11.11:5000
GUID(3131313230330000000000000000000000000000),10.10.3.3:5000,10.10.14.11:5000,10.10.20.17:5000
GUID(3731373031000000000000000000000000000000),10.10.3.1:5000,10.10.14.8:5000,10.10.19.4:5000
GUID(3337333430310000000000000000000000000000),10.10.20.12:5000,10.10.1.8:5000,10.10.17.2:5000
GUID(3337333435390000000000000000000000000000),10.10.3.19:5000,10.10.15.15:5000,10.10.7.10:5000
GUID(3239303639390000000000000000000000000000),10.10.6.20:5000,10.10.2.6:5000,10.10.11.11:5000
GUID(3538343739000000000000000000000000000000),10.10.1.16:5000,10.10.1.3:5000,10.10.1.20:5000
GUID(3835393837380000000000000000000000000000),10.10.20.10:5000,10.10.6.6:5000,10.10.16.1:5000
GUID(3433383734000000000000000000000000000000),10.10.11.1:5000,10.10.6.1:5000,10.10.20.4:5000
GUID(3331383337370000000000000000000000000000),10.10.1.2:5000,10.10.12.7:5000,10.10.1.6:5000
GUID(3936323434330000000000000000000000000000),10.10.3.13:5000,10.10.14.8:5000,10.10.18.3:5000
GUID(3935373635340000000000000000000000000000),10.10.16.5:5000,10.10.14.7:5000,10.10.4.1:5000
GUID(3737353232340000000000000000000000000000),10.10.18.19:5000,10.10.2.20:5000,10.10.13.13:5000
GUID(3539323235350000000000000000000000000000),10.10.20.10:5000,10.10.2.1:5000,10.10.11.11:5000
GUID(3834393337300000000000000000000000000000),10.10.6.20:5000,10.10.14.11:5000,10.10.16.1:5000
GUID(3137353233300000000000000000000000000000),10.10.1.0:5000,10.10.10.17:5000,10.10.18.8:5000
GUID(3534303332340000000000000000000000000000),10.10.18.8:5000,10.10.2.20:5000,10.10.20.15:5000
GUID(3331383030340000000000000000000000000000),10.10.10.17:5000,10.10.4.11:5000,10.10.20.20:5000
GUID(3938353638370000000000000000000000000000),10.10.1.10:5000,10.10.15.15:5000,10.10.2.20:5000
GUID(3435363939300000000000000000000000000000),10.10.12.7:5000,10.10.20.3:5000,10.10.4.10:5000
GUID(3139373338390000000000000000000000000000),10.10.14.7:5000,10.10.10.7:5000,10.10.20.14:5000
GUID(3333303634310000000000000000000000000000),10.10.10.1:5000,10.10.13.8:5000,10.10.1.7:5000
GUID(3532343333370000000000000000000000000000),10.10.13.8:5000,10.10.19.1:5000,10.10.1.19:5000
GUID(3434343937390000000000000000000000000000),10.10.2.1:5000,10.10.12.20:5000,10.10.11.10:5000
GUID(3635343230300000000000000000000000000000),10.10.13.18:5000,10.10.13.20:5000,10.10.1.10:5000
GUID(3736373434340000000000000000000000000000),10.10.20.18:5000,10.10.18.3:5000,10.10.20.17:5000
GUID(3330303139320000000000000000000000000000),10.10.15.20:5000,10.10.17.10:5000,10.10.1.8:5000
GUID(3637343731340000000000000000000000000000),10.10.13.18:5000,10.10.17.20:5000,10.10.18.8:5000
GUID(3539333736370000000000000000000000000000),10.10.1.7:5000,10.10.14.14:5000,10.10.13.14:5000
GUID(3735343830340000000000000000000000000000),10.10.1.12:5000,10.10.20.7:5000,10.10.18.13:5000
GUID(3333303037330000000000000000000000000000),10.10.1.1:5000,10.10.16.16:5000,10.10.20.16:5000
GUID(3334353131360000000000000000000000000000),10.10.3.20:5000,10.10.19.1:5000,10.10.18.19:5000
GUID(3139313030340000000000000000000000000000),10.10.17.10:5000,10.10.16.1:5000,10.10.17.1:5000
GUID(3739303030330000000000000000000000000000),10.10.1.16:5000,10.10.1.18:5000,10.10.10.17:5000
GUID(3832323638000000000000000000000000000000),10.10.11.1:5000,10.10.13.3:5000,10.10.4.10:5000
GUID(3839393438320000000000000000000000000000),10.10.5.20:5000,10.10.11.7:5000,10.10.1.10:5000
GUID(3436353430340000000000000000000000000000),10.10.1.18:5000,10.10.1.7:5000,10.10.20.17:5000
GUID(3438313234310000000000000000000000000000),10.10.10.17:5000,10.10.20.2:5000,10.10.13.13:5000
GUID(3432313136330000000000000000000000000000),10.10.10.14:5000,10.10.3.19:5000,10.10.10.17:5000
GUID(3931333535380000000000000000000000000000),10.10.4.19:5000,10.10.1.17:5000,10.10.1.3:5000
GUID(3934363036000000000000000000000000000000),10.10.10.1:5000,10.10.18.2:5000,10.10.2.6:5000
GUID(3234343735340000000000000000000000000000),10.10.4.19:5000,10.10.1.18:5000,10.10.4.10:5000
GUID(3836333036310000000000000000000000000000),10.10.10.1:5000,10.10.10.20:5000,10.10.7.10:5000
GUID(3234333933310000000000000000000000000000),10.10.15.1:5000,10.10.20.15:5000,10.10.11.10:5000
GUID(3931363839380000000000000000000000000000),10.10.1.14:5000,10.10.18.19:5000,10.10.1.6:5000
GUID(3833333736360000000000000000000000000000),10.10.11.17:5000,10.10.11.20:5000,10.10.4.11:5000
GUID(3933343332300000000000000000000000000000),10.10.19.1:5000,10.10.18.3:5000,10.10.2.6:5000
GUID(3138313235390000000000000000000000000000),10.10.17.10:5000,10.10.10.1:5000,10.10.18.1:5000
GUID(3231353138320000000000000000000000000000),10.10.15.1:5000,10.10.1.19:5000,10.10.1.3:5000
GUID(3831323632340000000000000000000000000000),10.10.1.7:5000,10.10.6.15:5000,10.10.2.6:5000
GUID(3937363130300000000000000000000000000000),10.10.11.17:5000,10.10.17.2:5000,10.10.7.10:5000
GUID(3939373138370000000000000000000000000000),10.10.6.6:5000,10.10.10.14:5000
GUID(3933363931360000000000000000000000000000),10.10.1.17:5000,10.10.4.20:5000,10.10.20.2:5000
GUID(3832363233380000000000000000000000000000),10.10.13.3:5000,10.10.14.14:5000,10.10.20.16:5000
GUID(3339303131360000000000000000000000000000),10.10.14.1:5000,10.10.1.0:5000,10.10.20.12:5000
GUID(3639373737320000000000000000000000000000),10.10.20.10:5000,10.10.11.7:5000,10.10.7.14:5000
GUID(3233373437320000000000000000000000000000),10.10.12.14:5000,10.10.20.13:5000,10.10.1.11:5000
GUID(3934393232310000000000000000000000000000),10.10.4.3:5000,10.10.2.2:5000,10.10.20.17:5000
GUID(3133373230380000000000000000000000000000),10.10.3.13:5000,10.10.13.8:5000,10.10.20.17:5000
GUID(3235353834310000000000000000000000000000),10.10.3.19:5000,10.10.20.13:5000,10.10.14.7:5000
GUID(3134363636380000000000000000000000000000),10.10.20.12:5000,10.10.4.10:5000,10.10.15.15:5000
GUID(3638363538390000000000000000000000000000),10.10.11.17:5000,10.10.4.11:5000,10.10.2.20:5000
GUID(3436383135300000000000000000000000000000),10.10.10.17:5000,10.10.20.3:5000,10.10.17.2:5000
GUID(3939353132000000000000000000000000000000),10.10.15.20:5000,10.10.11.17:5000,10.10.14.14:5000
GUID(3231373932360000000000000000000000000000),10.10.1.3:5000,10.10.20.15:5000,10.10.1.6:5000
GUID(3637353830380000000000000000000000000000),10.10.6.6:5000,10.10.12.14:5000,10.10.20.17:5000
GUID(3538383934340000000000000000000000000000),10.10.1.14:5000,10.10.20.19:5000,10.10.14.14:5000
GUID(3733333239350000000000000000000000000000),10.10.20.7:5000,10.10.1.13:5000,10.10.18.19:5000
GUID(3835303630320000000000000000000000000000),10.10.4.19:5000,10.10.5.1:5000,10.10.10.20:5000
GUID(3735343535350000000000000000000000000000),10.10.1.0:5000,10.10.15.1:5000,10.10.3.19:5000
GUID(3239353137340000000000000000000000000000),10.10.1.14:5000,10.10.18.3:5000,10.10.18.2:5000
GUID(3337313036310000000000000000000000000000),10.10.15.1:5000,10.10.20.3:5000,10.10.2.6:5000
GUID(3330353335330000000000000000000000000000),10.10.4.19:5000,10.10.1.2:5000,10.10.13.3:5000
GUID(3537393633300000000000000000000000000000),10.10.19.4:5000,10.10.11.11:5000,10.10.1.6:5000
GUID(3731343233360000000000000000000000000000),10.10.1.12:5000,10.10.12.20:5000,10.10.17.2:5000
GUID(3235383936320000000000000000000000000000),10.10.20.13:5000,10.10.17.2:5000,10.10.20.15:5000
GUID(3939363930370000000000000000000000000000),10.10.17.10:5000,10.10.15.15:5000,10.10.20.15:5000
GUID(3936393135380000000000000000000000000000),10.10.4.3:5000,10.10.2.1:5000,10.10.15.1:5000
GUID(3736323032320000000000000000000000000000),10.10.4.3:5000,10.10.7.11:5000,10.10.13.14:5000
GUID(3836363335350000000000000000000000000000),10.10.12.1:5000,10.10.18.20:5000,10.10.13.20:5000
GUID(3530343336380000000000000000000000000000),10.10.4.3:5000,10.10.13.3:5000,10.10.11.11:5000
GUID(3835353235320000000000000000000000000000),10.10.7.7:5000,10.10.3.13:5000,10.10.14.11:5000
GUID(3130323632330000000000000000000000000000),10.10.1.18:5000,10.10.4.20:5000,10.10.20.4:5000
GUID(3834363438360000000000000000000000000000),10.10.12.14:5000,10.10.10.17:5000,10.10.19.1:5000
GUID(3838353336320000000000000000000000000000),10.10.20.13:5000,10.10.1.19:5000,10.10.13.14:5000
GUID(3533373531340000000000000000000000000000),10.10.2.2:5000,10.10.13.7:5000,10.10.17.1:5000
GUID(3235323434320000000000000000000000000000),10.10.14.7:5000,10.10.20.3:5000,10.10.19.19:5000
GUID(3731313138320000000000000000000000000000),10.10.6.6:5000,10.10.20.8:5000,10.10.11.20:5000
GUID(3335343234360000000000000000000000000000),10.10.6.20:5000,10.10.1.13:5000,10.10.18.13:5000
GUID(3737323436350000000000000000000000000000),10.10.13.1:5000,10.10.11.1:5000,10.10.6.1:5000
GUID(3837333531390000000000000000000000000000),10.10.14.1:5000,10.10.13.18:5000,10.10.18.8:5000
GUID(3638343931360000000000000000000000000000),10.10.13.18:5000,10.10.17.11:5000,10.10.16.1:5000
GUID(3135333331340000000000000000000000000000),10.10.19.1:5000,10.10.7.13:5000,10.10.1.5:5000
GUID(3239393735340000000000000000000000000000),10.10.10.1:5000,10.10.3.13:5000,10.10.14.14:5000
GUID(3636323837310000000000000000000000000000),10.10.3.20:5000,10.10.20.20:5000,10.10.13.13:5000
GUID(3430333735340000000000000000000000000000),10.10.20.13:5000,10.10.18.13:5000,10.10.16.16:5000
GUID(3930383536380000000000000000000000000000),10.10.1.17:5000,10.10.7.20:5000,10.10.2.20:5000
GUID(3430373239350000000000000000000000000000),10.10.12.20:5000,10.10.15.15:5000,10.10.1.6:5000
GUID(3839393537310000000000000000000000000000),10.10.20.13:5000,10.10.20.18:5000,10.10.19.3:5000
GUID(3135333933330000000000000000000000000000),10.10.6.6:5000,10.10.4.20:5000,10.10.7.13:5000
GUID(3437393535320000000000000000000000000000),10.10.20.19:5000,10.10.17.2:5000,10.10.7.11:5000
GUID(3232363838350000000000000000000000000000),10.10.7.20:5000,10.10.1.19:5000,10.10.11.11:5000
GUID(3833333739380000000000000000000000000000),10.10.2.1:5000,10.10.1.18:5000,10.10.5.16:5000
GUID(3733353939300000000000000000000000000000),10.10.1.15:5000,10.10.20.6:5000,10.10.1.3:5000
GUID(3738353230340000000000000000000000000000),10.10.19.1:5000,10.10.18.3:5000,10.10.20.17:5000
GUID(3736323332310000000000000000000000000000),10.10.11.1:5000,10.10.20.18:5000,10.10.20.1:5000
GUID(3233333238340000000000000000000000000000),10.10.20.7:5000,10.10.10.4:5000,10.10.15.15:5000
GUID(3233363738310000000000000000000000000000),10.10.6.20:5000,10.10.7.1:5000,10.10.19.1:5000
GUID(3135373137330000000000000000000000000000),10.10.20.5:5000,10.10.11.11:5000,10.10.1.6:5000
GUID(3233313733320000000000000000000000000000),10.10.4.10:5000,10.10.16.16:5000,10.10.7.10:5000
GUID(3937323239300000000000000000000000000000),10.10.18.20:5000,10.10.20.7:5000,10.10.6.15:5000
GUID(3730373138300000000000000000000000000000),10.10.2.1:5000,10.10.11.17:5000,10.10.7.13:5000
GUID(3137353732340000000000000000000000000000),10.10.17.20:5000,10.10.1.1:5000,10.10.4.20:5000
GUID(3831313334380000000000000000000000000000),10.10.11.14:5000,10.10.1.17:5000,10.10.14.20:5000
GUID(3235333036380000000000000000000000000000),10.10.16.20:5000,10.10.19.3:5000,10.10.1.3:5000
GUID(3231363737390000000000000000000000000000),10.10.7.13:5000,10.10.14.8:5000,10.10.1.5:5000
GUID(3432343230320000000000000000000000000000),10.10.6.6:5000,10.10.6.15:5000,10.10.10.11:5000
GUID(3532333336380000000000000000000000000000),10.10.2.2:5000,10.10.3.3:5000,10.10.13.8:5000
GUID(3738343436390000000000000000000000000000),10.10.4.1:5000,10.10.14.8:5000,10.10.1.3:5000
GUID(3539373737320000000000000000000000000000),10.10.1.1:5000,10.10.1.2:5000,10.10.11.11:5000
GUID(3935353739320000000000000000000000000000),10.10.20.10:5000,10.10.11.1:5000,10.10.10.11:5000
GUID(3437393838370000000000000000000000000000),10.10.4.19:5000,10.10.20.6:5000,10.10.20.3:5000
GUID(3234323832350000000000000000000000000000),10.10.4.19:5000,10.10.20.4:5000,10.10.16.1:5000
GUID(3432343236310000000000000000000000000000),10.10.20.12:5000,10.10.19.19:5000,10.10.1.5:5000
GUID(3833313134370000000000000000000000000000),10.10.1.1:5000,10.10.1.13:5000,10.10.10.20:5000
GUID(3331323731380000000000000000000000000000),10.10.13.20:5000,10.10.1.12:5000,10.10.20.16:5000
GUID(3833373331310000000000000000000000000000),10.10.10.4:5000,10.10.6.15:5000,10.10.11.11:5000
GUID(3531343732360000000000000000000000000000),10.10.5.16:5000,10.10.16.16:5000,10.10.20.17:5000
GUID(3532383536370000000000000000000000000000),10.10.5.20:5000,10.10.11.20:5000,10.10.20.5:5000
GUID(3133353738300000000000000000000000000000),10.10.1.16:5000,10.10.7.13:5000,10.10.20.4:5000
GUID(3632323231380000000000000000000000000000),10.10.3.1:5000,10.10.13.20:5000,10.10.20.5:5000
GUID(3831363438360000000000000000000000000000),10.10.16.20:5000,10.10.20.6:5000,10.10.5.1:5000
GUID(3338363032300000000000000000000000000000),10.10.5.5:5000,10.10.11.1:5000,10.10.10.20:5000
GUID(3431363532340000000000000000000000000000),10.10.2.1:5000,10.10.3.13:5000,10.10.5.1:5000
GUID(3836393432330000000000000000000000000000),10.10.15.20:5000,10.10.13.1:5000,10.10.20.17:5000
GUID(3536393631350000000000000000000000000000),10.10.1.15:5000,10.10.3.1:5000,10.10.20.2:5000
GUID(3838353032000000000000000000000000000000),10.10.10.14:5000,10.10.13.8:5000,10.10.11.7:5000
GUID(3430323331390000000000000000000000000000),10.10.13.20:5000,10.10.7.1:5000,10.10.20.19:5000
GUID(3338383134340000000000000000000000000000),10.10.12.14:5000,10.10.3.20:5000,10.10.19.19:5000
GUID(3736303534360000000000000000000000000000),10.10.14.10:5000,10.10.2.20:5000,10.10.16.16:5000
GUID(3633323734320000000000000000000000000000),10.10.11.20:5000,10.10.14.8:5000,10.10.1.6:5000
GUID(3430343836370000000000000000000000000000),10.10.20.4:5000,10.10.1.10:5000,10.10.13.14:5000
GUID(3931323731310000000000000000000000000000),10.10.5.5:5000,10.10.11.4:5000,10.10.1.19:5000
GUID(3739323136380000000000000000000000000000),10.10.3.1:5000,10.10.11.1:5000,10.10.7.11:5000
GUID(3437353638360000000000000000000000000000),10.10.12.1:5000,10.10.1.2:5000,10.10.19.4:5000
GUID(3733313934300000000000000000000000000000),10.10.16.20:5000,10.10.1.11:5000,10.10.7.14:5000
GUID(3739333936360000000000000000000000000000),10.10.5.20:5000,10.10.14.20:5000,10.10.20.18:5000
GUID(3335393338320000000000000000000000000000),10.10.14.11:5000,10.10.19.4:5000,10.10.10.11:5000
GUID(3537333436000000000000000000000000000000),10.10.5.20:5000,10.10.1.13:5000,10.10.12.20:5000
GUID(3838393438340000000000000000000000000000),10.10.16.5:5000,10.10.18.19:5000,10.10.20.20:5000
GUID(3338303935350000000000000000000000000000),10.10.14.8:5000,10.10.1.20:5000,10.10.13.13:5000
GUID(3738343135360000000000000000000000000000),10.10.5.16:5000,10.10.20.5:5000,10.10.7.11:5000
GUID(3232343033340000000000000000000000000000),10.10.1.3:5000,10.10.13.14:5000
GUID(3739323635380000000000000000000000000000),10.10.15.20:5000,10.10.13.7:5000,10.10.19.20:5000
GUID(3533343032360000000000000000000000000000),10.10.16.20:5000,10.10.6.20:5000,10.10.20.5:5000
GUID(3237353231300000000000000000000000000000),10.10.14.10:5000,10.10.19.1:5000,10.10.4.10:5000
GUID(3531323130380000000000000000000000000000),10.10.20.6:5000,10.10.18.8:5000,10.10.11.11:5000
GUID(3434323432390000000000000000000000000000),10.10.6.15:5000,10.10.13.14:5000,10.10.13.13:5000
GUID(3132343931340000000000000000000000000000),10.10.3.18:5000,10.10.20.14:5000,10.10.18.1:5000
GUID(3836343637310000000000000000000000000000),10.10.3.1:5000,10.10.12.7:5000,10.10.13.14:5000
GUID(3738333439340000000000000000000000000000),10.10.7.14:5000,10.10.11.10:5000,10.10.10.11:5000
GUID(3632333037360000000000000000000000000000),10.10.4.20:5000,10.10.7.1:5000
GUID(3334353131330000000000000000000000000000),10.10.14.1:5000,10.10.15.1:5000,10.10.1.1:5000
GUID(3634383536300000000000000000000000000000),10.10.7.20:5000,10.10.19.3:5000,10.10.19.19:5000
GUID(3136373136310000000000000000000000000000),10.10.19.1:5000,10.10.7.13:5000,10.10.7.11:5000
GUID(3436303139350000000000000000000000000000),10.10.3.19:5000,10.10.1.14:5000,10.10.10.11:5000
GUID(3839333132330000000000000000000000000000),10.10.3.18:5000,10.10.13.20:5000,10.10.18.8:5000
GUID(3736353432360000000000000000000000000000),10.10.11.20:5000,10.10.19.19:5000,10.10.1.20:5000
GUID(3933363336390000000000000000000000000000),10.10.1.8:5000,10.10.20.14:5000,10.10.20.16:5000
GUID(3930313330370000000000000000000000000000),10.10.15.20:5000,10.10.14.7:5000,10.10.13.3:5000
GUID(3439333530000000000000000000000000000000),10.10.20.13:5000,10.10.17.11:5000
GUID(3138303834000000000000000000000000000000),10.10.4.3:5000,10.10.20.9:5000,10.10.18.3:5000
GUID(3433343237320000000000000000000000000000),10.10.14.11:5000,10.10.20.19:5000,10.10.20.20:5000
GUID(3335333637310000000000000000000000000000),10.10.11.17:5000,10.10.18.8:5000,10.10.10.7:5000
GUID(3538313838310000000000000000000000000000),10.10.12.7:5000,10.10.16.16:5000
GUID(3232333833350000000000000000000000000000),10.10.3.18:5000,10.10.7.1:5000,10.10.14.11:5000
GUID(3331333238330000000000000000000000000000),10.10.13.8:5000,10.10.4.10:5000,10.10.13.14:5000
GUID(3137343933350000000000000000000000000000),10.10.20.6:5000,10.10.6.1:5000,10.10.20.2:5000
GUID(3134363832370000000000000000000000000000),10.10.3.19:5000,10.10.7.20:5000,10.10.10.17:5000
GUID(3433313333390000000000000000000000000000),10.10.12.14:5000,10.10.1.1:5000,10.10.20.1:5000
GUID(3436353038350000000000000000000000000000),10.10.10.1:5000,10.10.10.4:5000,10.10.20.3:5000
GUID(3439363233350000000000000000000000000000),10.10.6.6:5000,10.10.12.14:5000,10.10.11.10:5000
GUID(3639333830370000000000000000000000000000),10.10.16.20:5000,10.10.1.2:5000,10.10.17.2:5000
GUID(3930353433000000000000000000000000000000),10.10.11.4:5000,10.10.20.2:5000,10.10.20.16:5000
GUID(3631393438370000000000000000000000000000),10.10.17.20:5000,10.10.5.16:5000,10.10.1.5:5000
GUID(3832383137340000000000000000000000000000),10.10.20.12:5000,10.10.1.7:5000,10.10.1.5:5000
GUID(3438383035330000000000000000000000000000),10.10.20.19:5000,10.10.20.5:5000,10.10.13.13:5000
GUID(3439393331380000000000000000000000000000),10.10.11.1:5000,10.10.7.20:5000,10.10.12.7:5000
GUID(3131333232350000000000000000000000000000),10.10.3.1:5000,10.10.1.13:5000,10.10.16.16:5000
GUID(3534383837360000000000000000000000000000),10.10.4.19:5000,10.10.16.5:5000,10.10.11.10:5000
GUID(3631393132340000000000000000000000000000),10.10.20.6:5000,10.10.18.19:5000,10.10.16.16:5000
GUID(3837363933380000000000000000000000000000),10.10.17.10:5000,10.10.17.1:5000,10.10.10.11:5000
GUID(3133383600000000000000000000000000000000),10.10.1.2:5000,10.10.18.20:5000,10.10.13.14:5000
GUID(3939363234310000000000000000000000000000),10.10.7.20:5000,10.10.20.8:5000,10.10.11.11:5000
GUID(3139313834340000000000000000000000000000),10.10.3.19:5000,10.10.1.12:5000
GUID(3537363232320000000000000000000000000000),10.10.17.10:5000,10.10.7.1:5000,10.10.15.15:5000
GUID(3137373537300000000000000000000000000000),10.10.5.20:5000,10.10.20.18:5000,10.10.20.15:5000
GUID(3735313339310000000000000000000000000000),10.10.16.20:5000,10.10.17.10:5000,10.10.7.11:5000
GUID(3534383933360000000000000000000000000000),10.10.13.3:5000,10.10.20.8:5000,10.10.20.20:5000
GUID(3634333636370000000000000000000000000000),10.10.1.8:5000,10.10.1.3:5000,10.10.17.1:5000
GUID(3730363337370000000000000000000000000000),10.10.2.2:5000,10.10.20.8:5000,10.10.20.14:5000
GUID(3532333831390000000000000000000000000000),10.10.4.19:5000,10.10.20.9:5000,10.10.13.13:5000
GUID(3932363932300000000000000000000000000000),10.10.15.20:5000,10.10.14.7:5000
GUID(3531353131310000000000000000000000000000),10.10.20.13:5000,10.10.5.5:5000,10.10.1.4:5000
GUID(3333363532310000000000000000000000000000),10.10.13.3:5000,10.10.19.4:5000,10.10.13.13:5000
GUID(3431303538310000000000000000000000000000),10.10.1.7:5000,10.10.20.4:5000,10.10.1.20:5000
GUID(3731393030340000000000000000000000000000),10.10.15.1:5000,10.10.17.10:5000,10.10.1.5:5000
GUID(3432373133310000000000000000000000000000),10.10.20.4:5000,10.10.13.14:5000,10.10.1.6:5000
GUID(3239343838360000000000000000000000000000),10.10.3.20:5000,10.10.1.7:5000,10.10.20.16:5000
GUID(3532313533390000000000000000000000000000),10.10.1.17:5000,10.10.19.19:5000,10.10.19.4:5000
GUID(3330363738390000000000000000000000000000),10.10.17.11:5000,10.10.16.1:5000,10.10.20.16:5000
GUID(3834303036330000000000000000000000000000),10.10.1.18:5000,10.10.13.8:5000,10.10.20.4:5000
GUID(3937393335380000000000000000000000000000),10.10.10.14:5000,10.10.10.17:5000,10.10.19.20:5000
GUID(3331393139330000000000000000000000000000),10.10.5.1:5000,10.10.13.13:5000,10.10.1.6:5000
GUID(3837333336360000000000000000000000000000),10.10.11.14:5000,10.10.19.19:5000,10.10.1.5:5000
GUID(3639373430340000000000000000000000000000),10.10.1.2:5000,10.10.4.11:5000,10.10.17.2:5000
GUID(3636363334380000000000000000000000000000),10.10.4.19:5000,10.10.13.1:5000,10.10.20.3:5000
GUID(3430323737340000000000000000000000000000),10.10.3.1:5000,10.10.14.8:5000,10.10.1.20:5000
GUID(3235323433310000000000000000000000000000),10.10.2.2:5000,10.10.5.16:5000,10.10.4.11:5000
GUID(3931353332350000000000000000000000000000),10.10.3.18:5000,10.10.10.1:5000,10.10.20.2:5000
GUID(3639323930320000000000000000000000000000),10.10.20.6:5000,10.10.20.18:5000,10.10.6.15:5000
GUID(3736363039340000000000000000000000000000),10.10.1.10:5000,10.10.15.15:5000,10.10.18.3:5000
GUID(3931313337300000000000000000000000000000),10.10.20.8:5000,10.10.11.20:5000,10.10.7.11:5000
GUID(3336323435390000000000000000000000000000),10.10.5.5:5000,10.10.19.19:5000,10.10.7.10:5000
GUID(3239313635340000000000000000000000000000),10.10.1.1:5000,10.10.20.9:5000,10.10.20.20:5000
GUID(3435303131310000000000000000000000000000),10.10.1.16:5000,10.10.20.7:5000,10.10.18.3:5000
GUID(3634303831340000000000000000000000000000),10.10.1.0:5000,10.10.14.7:5000,10.10.14.20:5000
GUID(3835333932340000000000000000000000000000),10.10.11.14:5000,10.10.1.1:5000,10.10.17.11:5000
GUID(3831393333330000000000000000000000000000),10.10.11.20:5000,10.10.16.1:5000,10.10.1.6:5000
GUID(3338393635310000000000000000000000000000),10.10.16.20:5000,10.10.2.20:5000,10.10.11.11:5000
GUID(3135353731330000000000000000000000000000),10.10.3.13:5000,10.10.12.7:5000,10.10.20.3:5000
GUID(3431383334330000000000000000000000000000),10.10.1.15:5000,10.10.16.20:5000,10.10.5.20:5000
GUID(3230333233350000000000000000000000000000),10.10.1.11:5000,10.10.1.14:5000,10.10.20.19:5000
GUID(3536303234320000000000000000000000000000),10.10.7.20:5000,10.10.4.1:5000,10.10.1.20:5000
GUID(3831343532330000000000000000000000000000),10.10.1.11:5000,10.10.6.1:5000,10.10.7.13:5000
GUID(3730303531310000000000000000000000000000),10.10.14.1:5000,10.10.20.9:5000,10.10.2.6:5000
GUID(3635393930380000000000000000000000000000),10.10.5.20:5000,10.10.1.4:5000,10.10.11.10:5000
GUID(3339363335320000000000000000000000000000),10.10.11.4:5000,10.10.20.3:5000,10.10.4.10:5000
GUID(3734323036390000000000000000000000000000),10.10.20.12:5000,10.10.11.1:5000,10.10.1.5:5000
GUID(3236323236360000000000000000000000000000),10.10.15.20:5000,10.10.12.1:5000,10.10.20.1:5000
GUID(3935393039320000000000000000000000000000),10.10.14.10:5000,10.10.20.3:5000,10.10.20.4:5000
GUID(3134343035380000000000000000000000000000),10.10.3.3:5000,10.10.18.8:5000,10.10.1.6:5000
GUID(3433313034300000000000000000000000000000),10.10.11.20:5000,10.10.20.18:5000,10.10.17.2:5000
GUID(3331373537320000000000000000000000000000),10.10.1.2:5000,10.10.7.13:5000,10.10.19.20:5000
GUID(3830333931350000000000000000000000000000),10.10.1.13:5000,10.10.4.10:5000,10.10.7.11:5000
GUID(3538323639360000000000000000000000000000),10.10.20.4:5000,10.10.1.4:5000,10.10.13.14:5000
GUID(3235313400000000000000000000000000000000),10.10.1.0:5000,10.10.1.18:5000,10.10.18.13:5000
GUID(3634323933330000000000000000000000000000),10.10.6.6:5000,10.10.1.1:5000,10.10.4.10:5000
GUID(3334303436300000000000000000000000000000),10.10.3.20:5000,10.10.20.7:5000
GUID(3139393631360000000000000000000000000000),10.10.13.18:5000,10.10.20.4:5000,10.10.20.5:5000
GUID(3232363538380000000000000000000000000000),10.10.11.4:5000,10.10.19.19:5000,10.10.17.2:5000
GUID(3133313932330000000000000000000000000000),10.10.1.15:5000,10.10.13.8:5000,10.10.19.19:5000
GUID(3430393537350000000000000000000000000000),10.10.4.3:5000,10.10.11.14:5000,10.10.20.2:5000
GUID(3937353935390000000000000000000000000000),10.10.2.1:5000,10.10.1.18:5000,10.10.6.1:5000
GUID(3637353537350000000000000000000000000000),10.10.1.7:5000,10.10.18.13:5000,10.10.2.20:5000
GUID(3938363100000000000000000000000000000000),10.10.2.20:5000,10.10.16.1:5000,10.10.13.14:5000
GUID(3339363600000000000000000000000000000000),10.10.3.3:5000,10.10.6.1:5000,10.10.7.14:5000
GUID(3935393535360000000000000000000000000000),10.10.4.3:5000,10.10.5.1:5000,10.10.1.14:5000
GUID(3836373133320000000000000000000000000000),10.10.20.2:5000,10.10.19.1:5000,10.10.18.13:5000
GUID(3338373338320000000000000000000000000000),10.10.4.1:5000,10.10.1.19:5000
GUID(3933313532350000000000000000000000000000),10.10.20.13:5000,10.10.5.1:5000,10.10.17.1:5000
GUID(3139303931000000000000000000000000000000),10.10.10.4:5000,10.10.20.5:5000,10.10.20.14:5000
GUID(3837343438320000000000000000000000000000),10.10.1.15:5000,10.10.6.20:5000,10.10.17.2:5000
GUID(3333323530000000000000000000000000000000),10.10.15.1:5000,10.10.5.1:5000,10.10.19.19:5000
GUID(3837373437350000000000000000000000000000),10.10.3.20:5000,10.10.5.20:5000,10.10.17.2:5000
GUID(3139333138370000000000000000000000000000),10.10.10.17:5000,10.10.7.11:5000,10.10.10.11:5000
GUID(3935353034320000000000000000000000000000),10.10.4.20:5000,10.10.18.8:5000,10.10.19.4:5000
GUID(3831393834000000000000000000000000000000),10.10.1.13:5000,10.10.5.1:5000,10.10.14.11:5000
GUID(3435363138310000000000000000000000000000),10.10.5.1:5000,10.10.19.4:5000,10.10.20.5:5000
GUID(3832323034350000000000000000000000000000),10.10.3.18:5000,10.10.7.14:5000,10.10.11.11:5000
GUID(3733343237390000000000000000000000000000),10.10.13.7:5000,10.10.17.11:5000,10.10.7.10:5000
GUID(3239383331360000000000000000000000000000),10.10.20.7:5000,10.10.12.7:5000,10.10.20.1:5000
GUID(3932373736310000000000000000000000000000),10.10.1.16:5000,10.10.12.7:5000,10.10.1.4:5000
GUID(3638383137000000000000000000000000000000),10.10.7.20:5000,10.10.13.8:5000,10.10.20.2:5000
GUID(3233383831380000000000000000000000000000),10.10.3.3:5000,10.10.14.7:5000,10.10.4.10:5000
GUID(3232313238000000000000000000000000000000),10.10.3.19:5000,10.10.1.3:5000,10.10.1.6:5000
GUID(3435393535390000000000000000000000000000),10.10.3.3:5000,10.10.5.5:5000,10.10.13.14:5000
GUID(3631313433390000000000000000000000000000),10.10.3.19:5000,10.10.10.7:5000,10.10.13.14:5000
GUID(3233363532320000000000000000000000000000),10.10.20.13:5000,10.10.14.7:5000,10.10.12.7:5000
GUID(3732333938320000000000000000000000000000),10.10.18.20:5000,10.10.14.20:5000,10.10.18.8:5000
GUID(3837343330380000000000000000000000000000),10.10.1.15:5000,10.10.12.14:5000,10.10.2.1:5000
GUID(3637343333340000000000000000000000000000),10.10.3.18:5000,10.10.4.19:5000,10.10.14.10:5000
GUID(3138363931310000000000000000000000000000),10.10.20.7:5000,10.10.2.6:5000,10.10.20.1:5000
GUID(3333383032390000000000000000000000000000),10.10.3.3:5000,10.10.11.7:5000,10.10.1.3:5000
GUID(3832303738340000000000000000000000000000),10.10.4.20:5000,10.10.20.8:5000,10.10.20.14:5000
GUID(3831373533320000000000000000000000000000),10.10.20.3:5000,10.10.14.11:5000,10.10.13.14:5000
GUID(3837373530330000000000000000000000000000),10.10.20.18:5000,10.10.14.11:5000,10.10.20.1:5000
GUID(3631393833370000000000000000000000000000),10.10.16.20:5000,10.10.3.20:5000,10.10.1.12:5000
GUID(3236313632340000000000000000000000000000),10.10.1.15:5000,10.10.4.3:5000,10.10.2.1:5000
GUID(3535333937310000000000000000000000000000),10.10.7.20:5000,10.10.19.1:5000,10.10.18.3:5000
GUID(3131393832360000000000000000000000000000),10.10.4.20:5000,10.10.12.20:5000,10.10.10.4:5000
GUID(3536323331320000000000000000000000000000),10.10.7.7:5000,10.10.6.6:5000,10.10.19.3:5000
GUID(3430363533340000000000000000000000000000),10.10.1.14:5000,10.10.14.14:5000,10.10.20.14:5000
GUID(3537353938380000000000000000000000000000),10.10.14.7:5000,10.10.1.12:5000,10.10.12.7:5000
GUID(3833373938340000000000000000000000000000),10.10.1.0:5000,10.10.17.11:5000,10.10.14.14:5000
GUID(3735363032340000000000000000000000000000),10.10.1.16:5000,10.10.11.17:5000,10.10.7.11:5000
GUID(3930363932340000000000000000000000000000),10.10.2.1:5000,10.10.20.15:5000,10.10.10.11:5000
GUID(3538373032370000000000000000000000000000),10.10.5.5:5000,10.10.14.20:5000,10.10.7.1:5000
GUID(3435383639310000000000000000000000000000),10.10.18.20:5000,10.10.7.1:5000,10.10.11.4:5000
GUID(3730343730330000000000000000000000000000),10.10.17.20:5000,10.10.12.1:5000,10.10.12.20:5000
GUID(3432313735390000000000000000000000000000),10.10.1.2:5000,10.10.13.7:5000,10.10.20.20:5000
GUID(3835303330330000000000000000000000000000),10.10.5.5:5000,10.10.20.5:5000,10.10.20.20:5000
GUID(3234333433000000000000000000000000000000),10.10.10.14:5000,10.10.15.15:5000,10.10.1.19:5000
GUID(3530353736360000000000000000000000000000),10.10.14.20:5000,10.10.1.8:5000,10.10.10.11:5000
GUID(3730383132380000000000000000000000000000),10.10.12.14:5000,10.10.1.7:5000,10.10.6.15:5000
GUID(3432353035320000000000000000000000000000),10.10.10.4:5000,10.10.14.10:5000,10.10.20.17:5000
GUID(3534363537330000000000000000000000000000),10.10.4.1:5000,10.10.5.16:5000,10.10.11.11:5000
GUID(3433343837300000000000000000000000000000),10.10.1.0:5000,10.10.20.12:5000,10.10.1.4:5000
GUID(3937343239340000000000000000000000000000),10.10.16.5:5000,10.10.20.6:5000,10.10.11.4:5000
GUID(3438373830370000000000000000000000000000),10.10.19.1:5000,10.10.20.3:5000,10.10.20.17:5000
GUID(3730333033000000000000000000000000000000),10.10.1.0:5000,10.10.7.1:5000,10.10.1.5:5000
GUID(3235393137000000000000000000000000000000),10.10.11.1:5000,10.10.1.11:5000,10.10.10.7:5000
GUID(3139373539310000000000000000000000000000),10.10.2.1:5000,10.10.10.14:5000,10.10.7.13:5000
GUID(3434303332350000000000000000000000000000),10.10.6.1:5000,10.10.20.20:5000,10.10.20.1:5000
GUID(3437383338000000000000000000000000000000),10.10.20.13:5000,10.10.17.10:5000,10.10.18.13:5000
GUID(3631343339370000000000000000000000000000),10.10.10.7:5000,10.10.20.14:5000,10.10.20.1:5000
GUID(3336323539380000000000000000000000000000),10.10.11.20:5000,10.10.14.10:5000,10.10.13.14:5000
GUID(3634383000000000000000000000000000000000),10.10.11.4:5000,10.10.11.20:5000,10.10.13.8:5000
GUID(3537393638370000000000000000000000000000),10.10.12.14:5000,10.10.13.1:5000
GUID(3437363037000000000000000000000000000000),10.10.1.2:5000,10.10.1.18:5000,10.10.17.1:5000
GUID(3234353834350000000000000000000000000000),10.10.20.20:5000,10.10.16.1:5000,10.10.13.13:5000
GUID(3135303536300000000000000000000000000000),10.10.3.1:5000,10.10.20.4:5000,10.10.20.17:5000
GUID(3831373731360000000000000000000000000000),10.10.1.2:5000,10.10.14.14:5000
GUID(3333343233000000000000000000000000000000),10.10.20.18:5000,10.10.7.14:5000,10.10.19.20:5000
GUID(3332343037360000000000000000000000000000),10.10.5.5:5000,10.10.20.7:5000,10.10.10.20:5000
GUID(3831313134360000000000000000000000000000),10.10.3.13:5000,10.10.1.12:5000,10.10.1.14:5000
GUID(3434323036320000000000000000000000000000),10.10.3.13:5000,10.10.20.18:5000,10.10.1.19:5000
GUID(3732323937320000000000000000000000000000),10.10.20.8:5000,10.10.1.3:5000,10.10.7.11:5000
GUID(3532393935340000000000000000000000000000),10.10.3.20:5000,10.10.5.5:5000,10.10.7.11:5000
GUID(3236323535310000000000000000000000000000),10.10.16.20:5000,10.10.11.17:5000,10.10.7.14:5000
GUID(3637393030380000000000000000000000000000),10.10.3.18:5000,10.10.13.3:5000,10.10.18.3:5000
GUID(3733343739380000000000000000000000000000),10.10.6.6:5000,10.10.1.1:5000,10.10.20.9:5000
GUID(3736343233320000000000000000000000000000),10.10.1.11:5000,10.10.14.7:5000,10.10.11.11:5000
GUID(3630313134370000000000000000000000000000),10.10.1.2:5000,10.10.4.1:5000,10.10.11.11:5000
GUID(3133353134330000000000000000000000000000),10.10.1.11:5000,10.10.4.1:5000,10.10.14.14:5000
GUID(3639313538300000000000000000000000000000),10.10.5.20:5000,10.10.5.16:5000,10.10.20.20:5000
GUID(3434333738310000000000000000000000000000),10.10.3.13:5000,10.10.4.10:5000,10.10.13.13:5000
GUID(3239303739390000000000000000000000000000),10.10.1.16:5000,10.10.10.7:5000,10.10.18.2:5000
GUID(3538323032320000000000000000000000000000),10.10.4.19:5000,10.10.1.17:5000,10.10.10.20:5000
GUID(3630333937380000000000000000000000000000),10.10.15.20:5000,10.10.7.13:5000,10.10.10.11:5000
GUID(3436323037360000000000000000000000000000),10.10.2.1:5000,10.10.5.1:5000,10.10.20.16:5000
GUID(3738303037380000000000000000000000000000),10.10.4.3:5000,10.10.19.1:5000,10.10.20.17:5000
GUID(3337363832320000000000000000000000000000),10.10.17.10:5000,10.10.19.19:5000,10.10.11.11:5000
GUID(3635393639390000000000000000000000000000),10.10.16.5:5000,10.10.1.17:5000,10.10.6.20:5000
GUID(3136383432000000000000000000000000000000),10.10.3.20:5000,10.10.1.2:5000,10.10.10.17:5000
GUID(3236313030310000000000000000000000000000),10.10.4.1:5000,10.10.20.18:5000,10.10.1.8:5000
GUID(3730363435390000000000000000000000000000),10.10.19.1:5000,10.10.16.16:5000,10.10.20.1:5000
GUID(3930303835370000000000000000000000000000),10.10.1.0:5000,10.10.12.20:5000,10.10.20.18:5000
GUID(3532323238330000000000000000000000000000),10.10.11.4:5000,10.10.10.7:5000,10.10.2.20:5000
GUID(3135373335320000000000000000000000000000),10.10.12.14:5000,10.10.15.15:5000,10.10.1.20:5000
GUID(3530323030310000000000000000000000000000),10.10.16.5:5000,10.10.19.4:5000,10.10.16.16:5000
GUID(3134343335380000000000000000000000000000),10.10.5.16:5000,10.10.10.4:5000,10.10.18.13:5000
GUID(3130333631320000000000000000000000000000),10.10.7.7:5000,10.10.10.17:5000,10.10.11.11:5000
GUID(3732303932360000000000000000000000000000),10.10.20.4:5000,10.10.18.19:5000,10.10.17.2:5000
GUID(3631353230350000000000000000000000000000),10.10.20.10:5000,10.10.3.20:5000,10.10.20.19:5000
GUID(3630313032310000000000000000000000000000),10.10.1.2:5000,10.10.20.2:5000,10.10.20.14:5000
GUID(3337373433350000000000000000000000000000),10.10.20.12:5000,10.10.18.20:5000
GUID(3233373637310000000000000000000000000000),10.10.3.3:5000,10.10.2.20:5000,10.10.16.16:5000
GUID(3131353538340000000000000000000000000000),10.10.1.18:5000,10.10.20.6:5000,10.10.20.9:5000
GUID(3237343632360000000000000000000000000000),10.10.15.20:5000,10.10.20.19:5000,10.10.20.15:5000
GUID(3430353033340000000000000000000000000000),10.10.20.18:5000,10.10.18.13:5000,10.10.20.15:5000
GUID(3437363137000000000000000000000000000000),10.10.1.15:5000,10.10.12.1:5000,10.10.11.11:5000
GUID(3733393531380000000000000000000000000000),10.10.3.19:5000,10.10.14.10:5000,10.10.18.13:5000
GUID(3735383639310000000000000000000000000000),10.10.3.20:5000,10.10.1.1:5000,10.10.18.13:5000
GUID(3736333832370000000000000000000000000000),10.10.12.7:5000,10.10.11.10:5000,10.10.13.14:5000
GUID(3334373837360000000000000000000000000000),10.10.11.14:5000,10.10.6.20:5000,10.10.1.14:5000
GUID(3734343530390000000000000000000000000000),10.10.1.14:5000,10.10.10.20:5000,10.10.20.15:5000
GUID(3637333334360000000000000000000000000000),10.10.13.18:5000,10.10.13.1:5000,10.10.7.13:5000
GUID(3334393431330000000000000000000000000000),10.10.13.18:5000,10.10.10.20:5000,10.10.13.13:5000
GUID(3532303939300000000000000000000000000000),10.10.1.14:5000,10.10.1.8:5000,10.10.1.5:5000
GUID(3439383736390000000000000000000000000000),10.10.15.1:5000,10.10.20.9:5000,10.10.20.17:5000
GUID(3431323736380000000000000000000000000000),10.10.13.8:5000,10.10.7.13:5000,10.10.1.10:5000
GUID(3739393239330000000000000000000000000000),10.10.12.1:5000,10.10.13.7:5000,10.10.15.15:5000
GUID(3333373939390000000000000000000000000000),10.10.13.1:5000,10.10.2.20:5000,10.10.7.11:5000
GUID(3233383630000000000000000000000000000000),10.10.1.17:5000,10.10.19.20:5000,10.10.20.15:5000
GUID(3332343133350000000000000000000000000000),10.10.5.5:5000,10.10.14.11:5000,10.10.1.3:5000
GUID(3337343031360000000000000000000000000000),10.10.1.15:5000,10.10.13.13:5000
GUID(3638353138330000000000000000000000000000),10.10.16.5:5000,10.10.20.13:5000,10.10.19.3:5000
GUID(3635333937390000000000000000000000000000),10.10.20.18:5000,10.10.19.1:5000,10.10.7.11:5000
GUID(3933353832380000000000000000000000000000),10.10.14.1:5000,10.10.1.7:5000,10.10.11.10:5000
GUID(3232343033360000000000000000000000000000),10.10.14.1:5000,10.10.3.18:5000,10.10.1.13:5000
GUID(3536333039350000000000000000000000000000),10.10.11.14:5000,10.10.7.20:5000,10.10.1.5:5000
GUID(3439373935360000000000000000000000000000),10.10.2.2:5000,10.10.20.20:5000,10.10.17.11:5000
GUID(3836363535000000000000000000000000000000),10.10.7.14:5000,10.10.1.5:5000,10.10.13.14:5000
GUID(3530383330330000000000000000000000000000),10.10.1.16:5000,10.10.15.20:5000,10.10.18.19:5000
GUID(3237383038330000000000000000000000000000),10.10.1.1:5000,10.10.14.7:5000,10.10.1.8:5000
GUID(3135343032360000000000000000000000000000),10.10.1.2:5000,10.10.14.11:5000,10.10.1.19:5000
GUID(3735313939310000000000000000000000000000),10.10.1.13:5000,10.10.19.1:5000,10.10.11.10:5000
GUID(3433353239370000000000000000000000000000),10.10.12.14:5000,10.10.17.11:5000,10.10.16.16:5000
GUID(3633373735350000000000000000000000000000),10.10.14.7:5000,10.10.18.3:5000,10.10.1.4:5000
GUID(3137363637320000000000000000000000000000),10.10.14.20:5000,10.10.11.4:5000,10.10.19.19:5000
GUID(3634303239360000000000000000000000000000),10.10.4.19:5000,10.10.13.1:5000,10.10.17.1:5000
GUID(3836313939300000000000000000000000000000),10.10.20.10:5000,10.10.16.5:5000,10.10.2.6:5000
GUID(3838373435370000000000000000000000000000),10.10.4.3:5000,10.10.16.5:5000,10.10.1.7:5000
GUID(3231393935330000000000000000000000000000),10.10.13.1:5000,10.10.20.9:5000,10.10.13.7:5000
GUID(3232323632380000000000000000000000000000),10.10.10.1:5000,10.10.19.20:5000,10.10.1.4:5000
GUID(3832383535380000000000000000000000000000),10.10.13.18:5000,10.10.17.10:5000,10.10.18.19:5000
GUID(3732363934310000000000000000000000000000),10.10.18.20:5000,10.10.10.20:5000,10.10.20.20:5000
GUID(3831303431310000000000000000000000000000),10.10.1.0:5000,10.10.7.1:5000,10.10.1.20:5000
GUID(3437393937320000000000000000000000000000),10.10.3.20:5000,10.10.1.18:5000,10.10.11.7:5000
GUID(3937323534310000000000000000000000000000),10.10.2.2:5000,10.10.14.8:5000,10.10.1.4:5000
GUID(3537313639380000000000000000000000000000),10.10.7.20:5000,10.10.4.10:5000,10.10.20.20:5000
GUID(3631333534380000000000000000000000000000),10.10.1.17:5000,10.10.1.8:5000,10.10.11.7:5000
GUID(3230363230350000000000000000000000000000),10.10.16.5:5000,10.10.11.1:5000,10.10.1.4:5000
GUID(3334383533350000000000000000000000000000),10.10.12.1:5000,10.10.3.19:5000,10.10.11.11:5000
GUID(3236313931370000000000000000000000000000),10.10.17.10:5000,10.10.7.20:5000,10.10.13.8:5000
GUID(3937373232370000000000000000000000000000),10.10.13.18:5000,10.10.1.12:5000,10.10.17.2:5000
GUID(3634373930320000000000000000000000000000),10.10.20.12:5000,10.10.14.10:5000,10.10.17.2:5000
GUID(3232343035370000000000000000000000000000),10.10.2.1:5000,10.10.18.8:5000,10.10.7.14:5000
GUID(3637303639300000000000000000000000000000),10.10.18.8:5000,10.10.1.8:5000,10.10.2.6:5000
GUID(3333353130360000000000000000000000000000),10.10.2.2:5000,10.10.20.14:5000,10.10.1.6:5000
GUID(3339313630360000000000000000000000000000),10.10.17.10:5000,10.10.10.20:5000,10.10.18.1:5000
GUID(3739373535340000000000000000000000000000),10.10.18.8:5000,10.10.20.19:5000,10.10.18.13:5000
GUID(3835323033330000000000000000000000000000),10.10.1.18:5000,10.10.1.7:5000,10.10.2.6:5000
GUID(3537363533000000000000000000000000000000),10.10.1.16:5000,10.10.13.8:5000,10.10.7.10:5000
GUID(3435383335340000000000000000000000000000),10.10.20.6:5000,10.10.1.19:5000,10.10.2.20:5000
GUID(3631353030390000000000000000000000000000),10.10.3.1:5000,10.10.14.7:5000,10.10.20.3:5000
GUID(3333333936300000000000000000000000000000),10.10.15.20:5000,10.10.13.18:5000,10.10.1.6:5000
GUID(3836373439310000000000000000000000000000),10.10.3.18:5000,10.10.4.11:5000,10.10.1.5:5000
GUID(3837373733320000000000000000000000000000),10.10.10.7:5000,10.10.1.4:5000,10.10.1.20:5000
GUID(3734373430340000000000000000000000000000),10.10.4.19:5000,10.10.5.1:5000,10.10.14.14:5000
GUID(3139353538360000000000000000000000000000),10.10.20.9:5000,10.10.10.20:5000,10.10.19.20:5000
GUID(3636343239360000000000000000000000000000),10.10.16.5:5000,10.10.19.1:5000,10.10.17.2:5000
GUID(3834393430370000000000000000000000000000),10.10.1.14:5000,10.10.10.4:5000,10.10.18.19:5000
GUID(3539343532320000000000000000000000000000),10.10.3.1:5000,10.10.20.13:5000,10.10.1.5:5000
GUID(3936323639000000000000000000000000000000),10.10.15.1:5000,10.10.19.1:5000,10.10.19.19:5000
GUID(3730323832380000000000000000000000000000),10.10.20.13:5000,10.10.10.20:5000,10.10.7.14:5000
GUID(3733393538330000000000000000000000000000),10.10.3.18:5000,10.10.14.7:5000,10.10.19.4:5000
GUID(3531333033380000000000000000000000000000),10.10.3.19:5000,10.10.20.7:5000,10.10.10.7:5000
GUID(3134323032350000000000000000000000000000),10.10.4.19:5000,10.10.4.10:5000,10.10.16.1:5000
GUID(3832333134380000000000000000000000000000),10.10.12.1:5000,10.10.1.8:5000,10.10.18.2:5000
GUID(3739383035330000000000000000000000000000),10.10.12.14:5000,10.10.13.3:5000,10.10.20.14:5000
GUID(3933333636340000000000000000000000000000),10.10.13.1:5000,10.10.1.18:5000,10.10.1.5:5000
GUID(3134313939360000000000000000000000000000),10.10.10.4:5000,10.10.4.10:5000,10.10.1.5:5000
GUID(3732313839310000000000000000000000000000),10.10.7.7:5000,10.10.1.3:5000,10.10.18.2:5000
GUID(3434323436340000000000000000000000000000),10.10.11.1:5000,10.10.1.13:5000,10.10.11.10:5000
GUID(3638373932390000000000000000000000000000),10.10.12.14:5000,10.10.10.20:5000,10.10.13.13:5000
GUID(3738383539350000000000000000000000000000),10.10.1.15:5000,10.10.18.13:5000,10.10.20.20:5000
GUID(3738333633360000000000000000000000000000),10.10.1.18:5000,10.10.1.10:5000,10.10.20.17:5000
GUID(3538333535390000000000000000000000000000),10.10.15.1:5000,10.10.11.1:5000,10.10.20.19:5000
GUID(3535363831310000000000000000000000000000),10.10.10.14:5000,10.10.11.4:5000,10.10.1.7:5000
GUID(3637333333310000000000000000000000000000),10.10.2.1:5000,10.10.13.1:5000,10.10.11.10:5000
GUID(3734313034370000000000000000000000000000),10.10.1.16:5000,10.10.10.14:5000,10.10.10.17:5000
GUID(3230373631390000000000000000000000000000),10.10.12.14:5000,10.10.3.3:5000,10.10.20.20:5000
GUID(3330373931360000000000000000000000000000),10.10.2.1:5000,10.10.20.4:5000,10.10.1.4:5000
GUID(3431383036000000000000000000000000000000),10.10.14.1:5000,10.10.20.5:5000,10.10.20.1:5000
GUID(3936333435340000000000000000000000000000),10.10.17.10:5000,10.10.14.11:5000,10.10.15.15:5000
GUID(3636333330360000000000000000000000000000),10.10.15.1:5000,10.10.10.4:5000,10.10.20.17:5000
GUID(3138333735370000000000000000000000000000),10.10.3.1:5000,10.10.20.13:5000,10.10.6.15:5000
GUID(3732303434380000000000000000000000000000),10.10.6.6:5000,10.10.13.20:5000,10.10.10.17:5000
GUID(3334353032360000000000000000000000000000),10.10.6.20:5000,10.10.7.1:5000,10.10.19.4:5000
GUID(3532323934000000000000000000000000000000),10.10.15.20:5000,10.10.16.20:5000,10.10.2.6:5000
GUID(3233363437350000000000000000000000000000),10.10.12.14:5000,10.10.1.10:5000,10.10.1.6:5000
GUID(3636313732310000000000000000000000000000),10.10.14.1:5000,10.10.11.7:5000,10.10.17.2:5000
GUID(3333393231350000000000000000000000000000),10.10.15.1:5000,10.10.11.4:5000,10.10.18.13:5000
GUID(3432363531360000000000000000000000000000),10.10.16.5:5000,10.10.1.0:5000,10.10.1.3:5000
GUID(3236353435360000000000000000000000000000),10.10.20.19:5000,10.10.20.3:5000,10.10.18.1:5000
GUID(3736393333000000000000000000000000000000),10.10.3.19:5000,10.10.18.13:5000
GUID(3637333431360000000000000000000000000000),10.10.1.14:5000,10.10.13.7:5000,10.10.15.15:5000
GUID(3338393630370000000000000000000000000000),10.10.15.1:5000,10.10.11.1:5000,10.10.5.16:5000
GUID(3636353339390000000000000000000000000000),10.10.13.18:5000,10.10.17.20:5000,10.10.17.2:5000
GUID(3638393335310000000000000000000000000000),10.10.10.1:5000,10.10.14.7:5000,10.10.11.20:5000
GUID(3235363633330000000000000000000000000000),10.10.1.14:5000,10.10.20.9:5000,10.10.16.16:5000
GUID(3531303238350000000000000000000000000000),10.10.15.15:5000,10.10.20.15:5000,10.10.13.13:5000
GUID(3736303835390000000000000000000000000000),10.10.15.1:5000,10.10.13.3:5000,10.10.20.16:5000
GUID(3835373431320000000000000000000000000000),10.10.20.13:5000,10.10.17.2:5000,10.10.1.6:5000
GUID(3335363533360000000000000000000000000000),10.10.3.13:5000,10.10.11.10:5000,10.10.1.6:5000
GUID(3438393335340000000000000000000000000000),10.10.1.2:5000,10.10.13.3:5000,10.10.20.20:5000
GUID(3433353831380000000000000000000000000000),10.10.7.14:5000,10.10.1.3:5000,10.10.10.11:5000
GUID(3432303630340000000000000000000000000000),10.10.11.1:5000,10.10.18.3:5000,10.10.20.17:5000
GUID(3333343737340000000000000000000000000000),10.10.11.17:5000,10.10.13.8:5000,10.10.7.13:5000
GUID(3733313837320000000000000000000000000000),10.10.4.1:5000,10.10.10.4:5000,10.10.1.19:5000
GUID(3430383635310000000000000000000000000000),10.10.3.13:5000,10.10.14.20:5000,10.10.1.4:5000
GUID(3232373733310000000000000000000000000000),10.10.1.0:5000,10.10.10.17:5000,10.10.5.16:5000
GUID(3931343739310000000000000000000000000000),10.10.11.14:5000,10.10.1.1:5000,10.10.18.1:5000
GUID(3634373932300000000000000000000000000000),10.10.12.14:5000,10.10.17.10:5000,10.10.14.7:5000
GUID(3437373330350000000000000000000000000000),10.10.5.5:5000,10.10.6.15:5000,10.10.20.1:5000
GUID(3830343734390000000000000000000000000000),10.10.7.20:5000,10.10.17.10:5000,10.10.10.20:5000
GUID(3137363132000000000000000000000000000000),10.10.15.20:5000,10.10.18.20:5000,10.10.10.1:5000
GUID(3136373836360000000000000000000000000000),10.10.5.5:5000,10.10.5.1:5000,10.10.7.10:5000
GUID(3530343039310000000000000000000000000000),10.10.20.6:5000,10.10.20.18:5000,10.10.17.11:5000
GUID(3533363630310000000000000000000000000000),10.10.18.3:5000,10.10.1.3:5000,10.10.16.1:5000
GUID(3230323634390000000000000000000000000000),10.10.13.3:5000,10.10.5.1:5000,10.10.18.8:5000
GUID(3435343333370000000000000000000000000000),10.10.14.7:5000,10.10.4.1:5000,10.10.18.3:5000
GUID(3136333037340000000000000000000000000000),10.10.12.14:5000,10.10.5.5:5000,10.10.7.1:5000
GUID(3335373730300000000000000000000000000000),10.10.14.1:5000,10.10.13.1:5000,10.10.18.13:5000
GUID(3433393137360000000000000000000000000000),10.10.1.0:5000,10.10.19.19:5000,10.10.1.10:5000
GUID(3239383434320000000000000000000000000000),10.10.1.0:5000,10.10.14.7:5000,10.10.13.14:5000
GUID(3932383235340000000000000000000000000000),10.10.11.14:5000,10.10.16.1:5000,10.10.1.5:5000
GUID(3832353438360000000000000000000000000000),10.10.14.1:5000,10.10.6.1:5000,10.10.2.6:5000
GUID(3139383333300000000000000000000000000000),10.10.12.14:5000,10.10.11.20:5000,10.10.20.19:5000
GUID(3438333230320000000000000000000000000000),10.10.3.19:5000,10.10.10.7:5000,10.10.1.3:5000
GUID(3637363133000000000000000000000000000000),10.10.17.20:5000,10.10.5.5:5000,10.10.18.13:5000
GUID(3234303932320000000000000000000000000000),10.10.2.2:5000,10.10.20.8:5000,10.10.1.3:5000
GUID(3439343038350000000000000000000000000000),10.10.2.1:5000,10.10.19.20:5000,10.10.1.6:5000
GUID(3231383330330000000000000000000000000000),10.10.4.19:5000,10.10.16.5:5000,10.10.11.4:5000
GUID(3632323031370000000000000000000000000000),10.10.20.13:5000,10.10.14.8:5000,10.10.7.10:5000
GUID(3838343135380000000000000000000000000000),10.10.4.20:5000,10.10.3.13:5000,10.10.20.18:5000
GUID(3938383736360000000000000000000000000000),10.10.3.1:5000,10.10.10.1:5000,10.10.14.14:5000
GUID(3638323539310000000000000000000000000000),10.10.1.13:5000,10.10.20.4:5000,10.10.20.5:5000
GUID(3731383336350000000000000000000000000000),10.10.3.3:5000,10.10.15.15:5000,10.10.17.1:5000
GUID(3839343033000000000000000000000000000000),10.10.20.7:5000,10.10.14.20:5000,10.10.13.14:5000
GUID(3436353132340000000000000000000000000000),10.10.15.1:5000,10.10.17.20:5000,10.10.20.20:5000
GUID(3931373133330000000000000000000000000000),10.10.13.18:5000,10.10.19.4:5000,10.10.7.11:5000
GUID(3439303138380000000000000000000000000000),10.10.13.3:5000,10.10.20.8:5000,10.10.1.3:5000
GUID(3736323838360000000000000000000000000000),10.10.12.14:5000,10.10.15.1:5000,10.10.1.5:5000
GUID(3631313436330000000000000000000000000000),10.10.3.18:5000,10.10.5.20:5000,10.10.1.20:5000
GUID(3634373230320000000000000000000000000000),10.10.11.14:5000,10.10.20.9:5000,10.10.1.14:5000
GUID(3939373435340000000000000000000000000000),10.10.16.20:5000,10.10.17.10:5000,10.10.20.16:5000
GUID(3533393031330000000000000000000000000000),10.10.10.1:5000,10.10.20.8:5000,10.10.1.19:5000
GUID(3939313535000000000000000000000000000000),10.10.10.14:5000,10.10.3.19:5000,10.10.18.20:5000
GUID(3632383737350000000000000000000000000000),10.10.1.7:5000,10.10.7.13:5000,10.10.10.11:5000
GUID(3938323037000000000000000000000000000000),10.10.2.1:5000,10.10.3.3:5000,10.10.7.20:5000
GUID(3231303332350000000000000000000000000000),10.10.13.20:5000,10.10.20.18:5000,10.10.16.16:5000
GUID(3533323132350000000000000000000000000000),10.10.4.3:5000,10.10.11.14:5000,10.10.16.20:5000
GUID(3630313533000000000000000000000000000000),10.10.4.19:5000,10.10.6.20:5000,10.10.3.20:5000
GUID(3639303535300000000000000000000000000000),10.10.1.2:5000,10.10.1.10:5000,10.10.7.10:5000
GUID(3438383532300000000000000000000000000000),10.10.11.1:5000,10.10.10.1:5000,10.10.19.19:5000
GUID(3434333738340000000000000000000000000000),10.10.5.5:5000,10.10.18.2:5000,10.10.20.17:5000
GUID(3337393539300000000000000000000000000000),10.10.6.20:5000,10.10.1.19:5000,10.10.1.20:5000
GUID(3639333031350000000000000000000000000000),10.10.12.1:5000,10.10.20.7:5000,10.10.10.7:5000
GUID(3637373438340000000000000000000000000000),10.10.7.14:5000,10.10.11.11:5000,10.10.10.11:5000
GUID(3537313935360000000000000000000000000000),10.10.17.20:5000,10.10.3.3:5000,10.10.19.1:5000
GUID(3939313739350000000000000000000000000000),10.10.16.5:5000,10.10.14.10:5000
GUID(3231383531370000000000000000000000000000),10.10.20.4:5000,10.10.17.11:5000,10.10.7.10:5000
GUID(3737343636320000000000000000000000000000),10.10.7.7:5000,10.10.13.18:5000,10.10.16.1:5000
GUID(3830303236310000000000000000000000000000),10.10.5.5:5000,10.10.7.20:5000,10.10.20.2:5000
GUID(3932303438300000000000000000000000000000),10.10.3.3:5000,10.10.1.3:5000,10.10.18.2:5000
GUID(3833323734340000000000000000000000000000),10.10.3.13:5000,10.10.20.18:5000,10.10.18.3:5000
GUID(3139323033300000000000000000000000000000),10.10.3.1:5000,10.10.1.14:5000,10.10.16.16:5000
GUID(3439303235310000000000000000000000000000),10.10.16.5:5000,10.10.3.20:5000,10.10.19.19:5000
GUID(3439353336330000000000000000000000000000),10.10.17.10:5000,10.10.18.20:5000,10.10.7.1:5000
GUID(3734363135300000000000000000000000000000),10.10.3.18:5000,10.10.1.16:5000,10.10.11.20:5000
GUID(3836323730380000000000000000000000000000),10.10.14.1:5000,10.10.1.2:5000,10.10.17.10:5000
GUID(3437323031390000000000000000000000000000),10.10.1.0:5000,10.10.13.7:5000,10.10.16.16:5000
GUID(3736313930350000000000000000000000000000),10.10.1.1:5000,10.10.20.18:5000,10.10.19.19:5000
GUID(3439343735340000000000000000000000000000),10.10.20.12:5000,10.10.17.10:5000,10.10.1.3:5000
GUID(3833353835360000000000000000000000000000),10.10.4.11:5000,10.10.4.10:5000,10.10.2.20:5000
GUID(3333333030310000000000000000000000000000),10.10.11.17:5000,10.10.14.20:5000,10.10.19.4:5000
GUID(3932353137390000000000000000000000000000),10.10.20.13:5000,10.10.10.1:5000,10.10.14.10:5000
GUID(3335383638360000000000000000000000000000),10.10.20.8:5000,10.10.2.6:5000
GUID(3638383735390000000000000000000000000000),10.10.17.20:5000,10.10.3.13:5000,10.10.1.14:5000
GUID(3738393434380000000000000000000000000000),10.10.1.18:5000,10.10.14.10:5000,10.10.20.4:5000
GUID(3138323531370000000000000000000000000000),10.10.1.12:5000,10.10.14.14:5000,10.10.1.20:5000
GUID(3835363837370000000000000000000000000000),10.10.15.20:5000,10.10.19.4:5000,10.10.10.11:5000
GUID(3132303331340000000000000000000000000000),10.10.16.5:5000,10.10.11.17:5000,10.10.6.1:5000
GUID(3731363932380000000000000000000000000000),10.10.12.14:5000,10.10.14.10:5000,10.10.13.14:5000
GUID(3433343235380000000000000000000000000000),10.10.1.16:5000,10.10.1.11:5000,10.10.1.7:5000
GUID(3536343230320000000000000000000000000000),10.10.3.19:5000,10.10.19.19:5000,10.10.18.1:5000
GUID(3338323736300000000000000000000000000000),10.10.1.11:5000,10.10.18.13:5000,10.10.18.1:5000
GUID(3935343639310000000000000000000000000000),10.10.12.1:5000,10.10.13.20:5000,10.10.3.13:5000
GUID(3131383537310000000000000000000000000000),10.10.3.13:5000,10.10.14.20:5000,10.10.1.14:5000
GUID(3937333037300000000000000000000000000000),10.10.7.1:5000,10.10.20.8:5000,10.10.17.1:5000
GUID(3534353832370000000000000000000000000000),10.10.12.14:5000,10.10.17.10:5000,10.10.19.4:5000
GUID(3835353738380000000000000000000000000000),10.10.20.5:5000,10.10.20.15:5000,10.10.11.10:5000
GUID(3935353438360000000000000000000000000000),10.10.14.1:5000,10.10.4.19:5000,10.10.7.20:5000
GUID(3737353733300000000000000000000000000000),10.10.4.1:5000,10.10.14.8:5000,10.10.20.15:5000
GUID(3431383132380000000000000000000000000000),10.10.10.14:5000,10.10.20.8:5000,10.10.20.2:5000
GUID(3831363439320000000000000000000000000000),10.10.15.20:5000,10.10.10.1:5000,10.10.1.8:5000
GUID(3636343732330000000000000000000000000000),10.10.6.6:5000,10.10.20.12:5000,10.10.11.11:5000
GUID(3436323330360000000000000000000000000000),10.10.5.5:5000,10.10.6.15:5000,10.10.17.2:5000
GUID(3638303336300000000000000000000000000000),10.10.14.11:5000,10.10.18.13:5000,10.10.18.1:5000
GUID(3537343030320000000000000000000000000000),10.10.1.16:5000,10.10.6.15:5000,10.10.20.1:5000
GUID(3135373436360000000000000000000000000000),10.10.20.13:5000,10.10.4.10:5000,10.10.1.5:5000
GUID(3533333931340000000000000000000000000000),10.10.1.16:5000,10.10.15.20:5000,10.10.10.14:5000
GUID(3830353939360000000000000000000000000000),10.10.5.20:5000,10.10.19.3:5000,10.10.11.11:5000
GUID(3338323538330000000000000000000000000000),10.10.1.14:5000,10.10.16.16:5000,10.10.16.1:5000
GUID(3130393932000000000000000000000000000000),10.10.11.1:5000,10.10.14.10:5000,10.10.20.15:5000
GUID(3637333434300000000000000000000000000000),10.10.12.14:5000,10.10.2.2:5000,10.10.13.13:5000
GUID(3136333530390000000000000000000000000000),10.10.1.15:5000,10.10.14.11:5000,10.10.1.6:5000
GUID(3234393530370000000000000000000000000000),10.10.3.1:5000,10.10.6.20:5000,10.10.11.17:5000
GUID(3132333933370000000000000000000000000000),10.10.5.16:5000,10.10.19.19:5000,10.10.11.11:5000
GUID(3937303130390000000000000000000000000000),10.10.1.7:5000,10.10.20.3:5000,10.10.19.20:5000
GUID(3937393831370000000000000000000000000000),10.10.2.2:5000,10.10.7.20:5000,10.10.4.10:5000
GUID(3536383039350000000000000000000000000000),10.10.10.1:5000,10.10.5.1:5000,10.10.16.16:5000
GUID(3136323035350000000000000000000000000000),10.10.1.16:5000,10.10.19.1:5000,10.10.12.7:5000
GUID(3534363133370000000000000000000000000000),10.10.6.6:5000,10.10.15.1:5000,10.10.17.2:5000
GUID(3733333634310000000000000000000000000000),10.10.2.1:5000,10.10.13.8:5000,10.10.17.2:5000
GUID(3730303135320000000000000000000000000000),10.10.20.10:5000,10.10.17.20:5000,10.10.1.4:5000
GUID(3937323237320000000000000000000000000000),10.10.1.12:5000,10.10.14.8:5000,10.10.7.11:5000
GUID(3533323533300000000000000000000000000000),10.10.1.11:5000,10.10.6.15:5000,10.10.17.11:5000
GUID(3636353634300000000000000000000000000000),10.10.4.11:5000,10.10.20.20:5000,10.10.11.10:5000
GUID(3635373338380000000000000000000000000000),10.10.5.20:5000,10.10.20.18:5000,10.10.13.13:5000
GUID(3634393433380000000000000000000000000000),10.10.5.20:5000,10.10.4.20:5000,10.10.7.10:5000
GUID(3136363937000000000000000000000000000000),10.10.20.18:5000,10.10.18.19:5000,10.10.16.16:5000
GUID(3935323935310000000000000000000000000000),10.10.3.19:5000,10.10.20.6:5000,10.10.11.20:5000
GUID(3937333532350000000000000000000000000000),10.10.20.12:5000,10.10.19.20:5000,10.10.20.5:5000
GUID(3430313637000000000000000000000000000000),10.10.16.5:5000,10.10.7.13:5000,10.10.17.2:5000
GUID(3732373632350000000000000000000000000000),10.10.11.17:5000,10.10.13.3:5000,10.10.13.14:5000
GUID(3334343235310000000000000000000000000000),10.10.1.17:5000,10.10.5.5:5000,10.10.10.1:5000
GUID(3733323834370000000000000000000000000000),10.10.16.20:5000,10.10.20.8:5000,10.10.7.14:5000
GUID(3636363439330000000000000000000000000000),10.10.3.1:5000,10.10.10.14:5000,10.10.6.15:5000
GUID(3436373339370000000000000000000000000000),10.10.12.1:5000,10.10.13.1:5000,10.10.5.1:5000
GUID(3836303833310000000000000000000000000000),10.10.4.1:5000,10.10.19.19:5000,10.10.2.20:5000
GUID(3136343631360000000000000000000000000000),10.10.5.16:5000,10.10.11.4:5000,10.10.20.18:5000
GUID(3434313033320000000000000000000000000000),10.10.13.18:5000,10.10.7.1:5000,10.10.4.10:5000
GUID(3131323736000000000000000000000000000000),10.10.11.4:5000,10.10.7.13:5000,10.10.13.14:5000
GUID(3338363231330000000000000000000000000000),10.10.16.5:5000,10.10.14.10:5000,10.10.6.15:5000
GUID(3432333731000000000000000000000000000000),10.10.10.14:5000,10.10.10.17:5000,10.10.11.4:5000
GUID(3433353033000000000000000000000000000000),10.10.2.2:5000,10.10.11.7:5000,10.10.13.13:5000
GUID(3832353234000000000000000000000000000000),10.10.12.14:5000,10.10.13.18:5000,10.10.1.2:5000
GUID(3235343133360000000000000000000000000000),10.10.14.1:5000,10.10.18.19:5000,10.10.2.20:5000
GUID(3136313733360000000000000000000000000000),10.10.13.18:5000,10.10.3.3:5000,10.10.1.8:5000
GUID(3132323136360000000000000000000000000000),10.10.18.20:5000,10.10.1.10:5000,10.10.13.14:5000
GUID(3536303634300000000000000000000000000000),10.10.10.17:5000,10.10.10.1:5000,10.10.13.8:5000
GUID(3836313931380000000000000000000000000000),10.10.14.1:5000,10.10.11.17:5000,10.10.15.15:5000
GUID(3535363837360000000000000000000000000000),10.10.10.4:5000,10.10.4.10:5000,10.10.17.11:5000
GUID(3237333630320000000000000000000000000000),10.10.1.12:5000,10.10.6.15:5000,10.10.20.15:5000
GUID(3236313735310000000000000000000000000000),10.10.13.1:5000,10.10.1.4:5000,10.10.18.1:5000
GUID(3733303333000000000000000000000000000000),10.10.3.18:5000,10.10.6.20:5000,10.10.13.7:5000
GUID(3437303834300000000000000000000000000000),10.10.6.1:5000,10.10.17.11:5000,10.10.1.3:5000
GUID(3838363936370000000000000000000000000000),10.10.20.20:5000,10.10.7.11:5000,10.10.18.3:5000
GUID(3235393239390000000000000000000000000000),10.10.20.13:5000,10.10.10.20:5000,10.10.14.14:5000
GUID(3635353838340000000000000000000000000000),10.10.11.14:5000,10.10.10.17:5000,10.10.17.11:5000
GUID(3236333033330000000000000000000000000000),10.10.11.17:5000,10.10.4.10:5000,10.10.15.15:5000
GUID(3438353537300000000000000000000000000000),10.10.18.13:5000,10.10.15.15:5000,10.10.1.4:5000
GUID(3830323334000000000000000000000000000000),10.10.14.1:5000,10.10.7.20:5000,10.10.20.18:5000
GUID(3739353433350000000000000000000000000000),10.10.6.20:5000,10.10.1.18:5000,10.10.16.16:5000
GUID(3130333737390000000000000000000000000000),10.10.16.5:5000,10.10.13.3:5000,10.10.7.11:5000
GUID(3137353135340000000000000000000000000000),10.10.20.9:5000,10.10.1.7:5000,10.10.13.8:5000
GUID(3438383130390000000000000000000000000000),10.10.3.1:5000,10.10.1.15:5000,10.10.13.1:5000
GUID(3837353430330000000000000000000000000000),10.10.7.7:5000,10.10.1.2:5000,10.10.11.20:5000
GUID(3837393233340000000000000000000000000000),10.10.2.1:5000,10.10.1.14:5000,10.10.1.4:5000
GUID(3536313533370000000000000000000000000000),10.10.4.3:5000,10.10.13.14:5000,10.10.1.6:5000
GUID(3534363436370000000000000000000000000000),10.10.6.6:5000,10.10.20.19:5000
GUID(3437393234300000000000000000000000000000),10.10.1.1:5000,10.10.18.13:5000,10.10.1.3:5000
GUID(3134353237390000000000000000000000000000),10.10.20.13:5000,10.10.10.17:5000,10.10.20.5:5000
GUID(3431333136390000000000000000000000000000),10.10.6.15:5000,10.10.19.19:5000,10.10.20.20:5000
GUID(3136383134350000000000000000000000000000),10.10.13.18:5000,10.10.5.1:5000,10.10.20.3:5000
GUID(3638323739300000000000000000000000000000),10.10.4.3:5000,10.10.20.18:5000,10.10.14.8:5000
GUID(3434373430340000000000000000000000000000),10.10.11.14:5000,10.10.18.20:5000,10.10.20.5:5000
GUID(3135313331340000000000000000000000000000),10.10.6.15:5000,10.10.1.8:5000,10.10.18.1:5000
GUID(3732383734340000000000000000000000000000),10.10.15.20:5000,10.10.1.2:5000,10.10.17.10:5000
GUID(3132363034370000000000000000000000000000),10.10.2.2:5000,10.10.1.13:5000,10.10.6.15:5000
GUID(3137363434000000000000000000000000000000),10.10.10.1:5000,10.10.14.7:5000,10.10.20.16:5000
GUID(3339383934340000000000000000000000000000),10.10.13.18:5000,10.10.4.20:5000,10.10.19.3:5000
GUID(3732363538370000000000000000000000000000),10.10.11.20:5000,10.10.10.4:5000
GUID(3935353738000000000000000000000000000000),10.10.12.14:5000,10.10.1.18:5000,10.10.5.16:5000
GUID(3133353239380000000000000000000000000000),10.10.20.12:5000,10.10.6.15:5000,10.10.13.14:5000
GUID(3130363035370000000000000000000000000000),10.10.4.20:5000,10.10.1.12:5000,10.10.13.14:5000
GUID(3932363130370000000000000000000000000000),10.10.20.8:5000,10.10.12.7:5000,10.10.20.19:5000
GUID(3932303933000000000000000000000000000000),10.10.13.18:5000,10.10.3.3:5000,10.10.4.1:5000
GUID(3833303730380000000000000000000000000000),10.10.1.8:5000,10.10.7.14:5000,10.10.7.10:5000
GUID(3734343731350000000000000000000000000000),10.10.3.13:5000,10.10.20.2:5000,10.10.20.15:5000
GUID(3535393434310000000000000000000000000000),10.10.15.20:5000,10.10.20.7:5000,10.10.20.5:5000
GUID(3438333435000000000000000000000000000000),10.10.13.1:5000,10.10.14.7:5000,10.10.14.11:5000
GUID(3639353338370000000000000000000000000000),10.10.1.18:5000,10.10.13.7:5000,10.10.15.15:5000
GUID(3931363238340000000000000000000000000000),10.10.20.10:5000,10.10.1.1:5000,10.10.7.20:5000
GUID(3832303931390000000000000000000000000000),10.10.11.4:5000,10.10.1.3:5000,10.10.13.13:5000
GUID(3936383338380000000000000000000000000000),10.10.10.14:5000,10.10.4.1:5000,10.10.16.1:5000
GUID(3137373631300000000000000000000000000000),10.10.13.18:5000,10.10.20.14:5000,10.10.18.2:5000
GUID(3134333937310000000000000000000000000000),10.10.5.5:5000,10.10.12.7:5000,10.10.17.2:5000
GUID(3137323430330000000000000000000000000000),10.10.15.20:5000,10.10.2.2:5000,10.10.18.20:5000
GUID(3832353032380000000000000000000000000000),10.10.7.20:5000,10.10.20.4:5000,10.10.11.11:5000
GUID(3431313836350000000000000000000000000000),10.10.3.20:5000,10.10.1.18:5000,10.10.18.8:5000
GUID(3931313430000000000000000000000000000000),10.10.4.20:5000,10.10.6.15:5000,10.10.1.5:5000
GUID(3538373238310000000000000000000000000000),10.10.12.14:5000,10.10.10.14:5000,10.10.1.12:5000
GUID(3533303539390000000000000000000000000000),10.10.16.5:5000,10.10.13.20:5000,10.10.11.7:5000
GUID(3933353934390000000000000000000000000000),10.10.20.12:5000,10.10.20.4:5000,10.10.1.3:5000
GUID(3132363236360000000000000000000000000000),10.10.7.1:5000,10.10.1.4:5000,10.10.13.13:5000
GUID(3638393231320000000000000000000000000000),10.10.11.20:5000,10.10.14.10:5000,10.10.18.19:5000
GUID(3230363235360000000000000000000000000000),10.10.20.7:5000,10.10.20.19:5000,10.10.14.8:5000
GUID(3231383032310000000000000000000000000000),10.10.1.10:5000,10.10.17.1:5000,10.10.1.20:5000
GUID(3538373338380000000000000000000000000000),10.10.4.19:5000,10.10.5.16:5000,10.10.18.3:5000
GUID(3636383431000000000000000000000000000000),10.10.14.1:5000,10.10.2.2:5000,10.10.3.13:5000
GUID(3337313330380000000000000000000000000000),10.10.20.18:5000,10.10.19.4:5000,10.10.13.14:5000
GUID(3531383434000000000000000000000000000000),10.10.11.14:5000,10.10.20.4:5000,10.10.20.16:5000
GUID(3335323338360000000000000000000000000000),10.10.3.13:5000,10.10.11.20:5000,10.10.2.6:5000
GUID(3539363534340000000000000000000000000000),10.10.5.16:5000,10.10.20.9:5000,10.10.1.6:5000
GUID(3531323836360000000000000000000000000000),10.10.12.20:5000,10.10.17.11:5000,10.10.20.16:5000
GUID(3338373734000000000000000000000000000000),10.10.11.17:5000,10.10.10.4:5000,10.10.20.3:5000
GUID(3638323234300000000000000000000000000000),10.10.5.5:5000,10.10.7.20:5000,10.10.14.20:5000
GUID(3238313934340000000000000000000000000000),10.10.13.18:5000,10.10.2.2:5000,10.10.11.11:5000
GUID(3736353733360000000000000000000000000000),10.10.7.7:5000,10.10.12.14:5000,10.10.10.17:5000
GUID(3932383335320000000000000000000000000000),10.10.13.20:5000,10.10.7.1:5000,10.10.11.10:5000
GUID(3831303531330000000000000000000000000000),10.10.13.1:5000,10.10.7.14:5000,10.10.19.4:5000
GUID(3431333139380000000000000000000000000000),10.10.13.7:5000,10.10.2.20:5000,10.10.18.3:5000
GUID(3436373630320000000000000000000000000000),10.10.1.7:5000,10.10.20.4:5000,10.10.13.13:5000
GUID(3332333230390000000000000000000000000000),10.10.10.20:5000,10.10.7.14:5000,10.10.2.6:5000
GUID(3436323434370000000000000000000000000000),10.10.1.2:5000,10.10.13.3:5000,10.10.12.7:5000
GUID(3339363533300000000000000000000000000000),10.10.5.5:5000,10.10.12.7:5000,10.10.14.14:5000
GUID(3230353839340000000000000000000000000000),10.10.11.14:5000,10.10.1.5:5000,10.10.20.1:5000
GUID(3634303935390000000000000000000000000000),10.10.1.12:5000,10.10.6.1:5000,10.10.10.20:5000
GUID(3431393136370000000000000000000000000000),10.10.1.17:5000,10.10.17.11:5000,10.10.20.15:5000
GUID(3237393237380000000000000000000000000000),10.10.16.5:5000,10.10.1.8:5000,10.10.19.20:5000
GUID(3830323939000000000000000000000000000000),10.10.13.18:5000,10.10.1.14:5000,10.10.20.1:5000
GUID(3333313237000000000000000000000000000000),10.10.15.1:5000,10.10.14.7:5000,10.10.20.8:5000
GUID(3530333835300000000000000000000000000000),10.10.4.19:5000,10.10.14.8:5000,10.10.2.20:5000
GUID(3833353034330000000000000000000000000000),10.10.15.20:5000,10.10.6.1:5000,10.10.20.4:5000
GUID(3437343831360000000000000000000000000000),10.10.20.2:5000,10.10.20.14:5000
GUID(3936343634350000000000000000000000000000),10.10.11.17:5000,10.10.13.3:5000,10.10.13.7:5000
GUID(3433383732350000000000000000000000000000),10.10.10.14:5000,10.10.13.8:5000,10.10.7.11:5000
GUID(3535373733300000000000000000000000000000),10.10.2.2:5000,10.10.20.6:5000,10.10.1.20:5000
GUID(3930393730350000000000000000000000000000),10.10.3.20:5000,10.10.18.8:5000,10.10.11.7:5000
GUID(3836353138370000000000000000000000000000),10.10.1.3:5000,10.10.2.6:5000
GUID(3733333333300000000000000000000000000000),10.10.13.1:5000,10.10.14.8:5000
GUID(3738303438330000000000000000000000000000),10.10.5.20:5000,10.10.5.16:5000,10.10.20.19:5000
GUID(3632363539350000000000000000000000000000),10.10.1.16:5000,10.10.18.20:5000,10.10.18.3:5000
GUID(3839373334360000000000000000000000000000),10.10.12.7:5000,10.10.19.1:5000,10.10.20.4:5000
GUID(3633353133350000000000000000000000000000),10.10.12.1:5000,10.10.13.20:5000,10.10.17.2:5000
GUID(3232343631340000000000000000000000000000),10.10.1.11:5000,10.10.18.8:5000,10.10.7.13:5000
GUID(3137373532390000000000000000000000000000),10.10.11.1:5000,10.10.20.8:5000,10.10.6.1:5000
GUID(3139373539350000000000000000000000000000),10.10.16.20:5000,10.10.1.1:5000,10.10.12.7:5000
GUID(3334323739360000000000000000000000000000),10.10.1.1:5000,10.10.10.4:5000,10.10.7.13:5000
GUID(3437373537320000000000000000000000000000),10.10.7.13:5000,10.10.10.7:5000,10.10.20.16:5000
GUID(3135333939390000000000000000000000000000),10.10.5.20:5000,10.10.1.18:5000,10.10.10.1:5000
GUID(3532343738350000000000000000000000000000),10.10.1.18:5000,10.10.20.2:5000,10.10.10.4:5000
GUID(3734373137390000000000000000000000000000),10.10.3.1:5000,10.10.2.2:5000,10.10.18.1:5000
GUID(3530303333360000000000000000000000000000),10.10.4.19:5000,10.10.14.10:5000,10.10.1.19:5000
GUID(3330373332340000000000000000000000000000),10.10.11.14:5000,10.10.6.20:5000,10.10.17.2:5000
GUID(3732353137330000000000000000000000000000),10.10.16.5:5000,10.10.20.9:5000,10.10.1.10:5000
GUID(3936393430380000000000000000000000000000),10.10.14.1:5000,10.10.1.15:5000,10.10.6.15:5000
GUID(3330313130340000000000000000000000000000),10.10.3.1:5000,10.10.2.1:5000,10.10.12.1:5000
GUID(3734383533320000000000000000000000000000),10.10.5.20:5000,10.10.14.7:5000,10.10.13.8:5000
GUID(3737323835320000000000000000000000000000),10.10.20.14:5000,10.10.14.14:5000,10.10.11.11:5000
GUID(3935303238300000000000000000000000000000),10.10.15.1:5000,10.10.1.1:5000,10.10.11.1:5000
GUID(3133363035300000000000000000000000000000),10.10.1.13:5000,10.10.19.4:5000,10.10.1.5:5000
GUID(3937313339350000000000000000000000000000),10.10.4.3:5000,10.10.1.16:5000
GUID(3232353035370000000000000000000000000000),10.10.20.12:5000,10.10.11.4:5000,10.10.1.6:5000
GUID(3734323534390000000000000000000000000000),10.10.20.7:5000,10.10.12.20:5000,10.10.20.5:5000
GUID(3538383333330000000000000000000000000000),10.10.7.20:5000,10.10.11.20:5000,10.10.18.3:5000
GUID(3531383637380000000000000000000000000000),10.10.16.5:5000,10.10.2.2:5000,10.10.18.20:5000
GUID(3538343337390000000000000000000000000000),10.10.7.13:5000,10.10.14.14:5000,10.10.20.17:5000
GUID(3235373031350000000000000000000000000000),10.10.1.0:5000,10.10.20.18:5000,10.10.20.19:5000
GUID(3633323032310000000000000000000000000000),10.10.18.20:5000,10.10.14.11:5000,10.10.20.5:5000
GUID(3438373733320000000000000000000000000000),10.10.15.20:5000,10.10.16.20:5000,10.10.18.1:5000
GUID(3734373637340000000000000000000000000000),10.10.6.20:5000,10.10.3.19:5000,10.10.5.1:5000
GUID(3130323139390000000000000000000000000000),10.10.2.1:5000,10.10.20.8:5000,10.10.4.11:5000
GUID(3433313830320000000000000000000000000000),10.10.10.7:5000,10.10.20.14:5000,10.10.20.15:5000
GUID(3432313839380000000000000000000000000000),10.10.14.10:5000,10.10.7.13:5000,10.10.17.11:5000
GUID(3335323932340000000000000000000000000000),10.10.3.13:5000,10.10.20.20:5000,10.10.1.4:5000
GUID(3234383530390000000000000000000000000000),10.10.14.10:5000,10.10.17.2:5000,10.10.18.3:5000
GUID(3634393938320000000000000000000000000000),10.10.7.7:5000,10.10.12.7:5000
GUID(3439363939350000000000000000000000000000),10.10.13.8:5000,10.10.10.20:5000,10.10.11.7:5000
GUID(3138393335300000000000000000000000000000),10.10.16.5:5000,10.10.11.17:5000,10.10.20.20:5000
GUID(3630363438310000000000000000000000000000),10.10.14.7:5000,10.10.7.1:5000,10.10.1.3:5000
GUID(3833353035000000000000000000000000000000),10.10.14.14:5000,10.10.16.16:5000
GUID(3138313034360000000000000000000000000000),10.10.10.14:5000,10.10.5.5:5000,10.10.20.8:5000
GUID(3936313034390000000000000000000000000000),10.10.13.3:5000,10.10.18.2:5000,10.10.1.5:5000
GUID(3737303330320000000000000000000000000000),10.10.20.6:5000,10.10.1.3:5000
GUID(3434373137390000000000000000000000000000),10.10.1.13:5000,10.10.1.20:5000,10.10.17.1:5000
GUID(3839313534350000000000000000000000000000),10.10.11.1:5000,10.10.1.3:5000,10.10.1.4:5000
GUID(3639363436370000000000000000000000000000),10.10.20.10:5000,10.10.15.1:5000,10.10.4.11:5000
GUID(3732363232370000000000000000000000000000),10.10.19.19:5000,10.10.20.4:5000,10.10.20.20:5000
GUID(3837343735370000000000000000000000000000),10.10.7.7:5000,10.10.1.0:5000,10.10.13.20:5000
GUID(3232363936340000000000000000000000000000),10.10.11.14:5000,10.10.13.7:5000,10.10.4.10:5000
GUID(3439373433390000000000000000000000000000),10.10.13.7:5000,10.10.14.11:5000,10.10.1.6:5000
GUID(3631343038330000000000000000000000000000),10.10.15.20:5000,10.10.11.20:5000,10.10.10.20:5000
GUID(3133353537320000000000000000000000000000),10.10.19.20:5000,10.10.1.10:5000,10.10.1.20:5000
GUID(3838313830380000000000000000000000000000),10.10.5.20:5000,10.10.12.20:5000,10.10.7.14:5000
GUID(3635323734000000000000000000000000000000),10.10.1.14:5000,10.10.12.20:5000,10.10.1.5:5000
GUID(3939353138300000000000000000000000000000),10.10.12.14:5000,10.10.13.18:5000,10.10.11.20:5000
GUID(3139373337390000000000000000000000000000),10.10.18.20:5000,10.10.1.13:5000,10.10.4.10:5000
GUID(3834333639350000000000000000000000000000),10.10.6.20:5000,10.10.15.1:5000,10.10.19.3:5000
GUID(3738353039310000000000000000000000000000),10.10.12.14:5000,10.10.3.20:5000,10.10.5.1:5000
GUID(3339313739360000000000000000000000000000),10.10.6.20:5000,10.10.1.14:5000,10.10.12.20:5000
GUID(3830353734300000000000000000000000000000),10.10.3.18:5000,10.10.20.10:5000,10.10.15.20:5000
GUID(3135353633370000000000000000000000000000),10.10.20.6:5000,10.10.11.4:5000,10.10.1.5:5000
GUID(3735363238360000000000000000000000000000),10.10.13.7:5000,10.10.16.1:5000,10.10.13.14:5000
GUID(3432333230000000000000000000000000000000),10.10.4.20:5000,10.10.7.13:5000,10.10.20.4:5000
GUID(3435393733300000000000000000000000000000),10.10.1.17:5000,10.10.4.1:5000,10.10.20.16:5000
GUID(3530373837000000000000000000000000000000),10.10.3.20:5000,10.10.11.4:5000,10.10.7.10:5000
GUID(3733373232300000000000000000000000000000),10.10.16.20:5000,10.10.12.1:5000,10.10.7.10:5000
GUID(3236373933350000000000000000000000000000),10.10.10.4:5000,10.10.19.3:5000,10.10.20.16:5000
GUID(3230313138320000000000000000000000000000),10.10.3.1:5000,10.10.13.18:5000,10.10.4.10:5000
GUID(3138343637360000000000000000000000000000),10.10.19.19:5000,10.10.18.19:5000,10.10.2.6:5000
GUID(3436343834330000000000000000000000000000),10.10.20.6:5000,10.10.19.3:5000,10.10.20.16:5000
GUID(3336333132320000000000000000000000000000),10.10.12.14:5000,10.10.12.20:5000,10.10.19.19:5000
GUID(3730303539360000000000000000000000000000),10.10.3.3:5000,10.10.20.4:5000,10.10.10.11:5000
GUID(3432303235370000000000000000000000000000),10.10.20.10:5000,10.10.1.7:5000,10.10.18.2:5000
GUID(3536393734320000000000000000000000000000),10.10.17.20:5000,10.10.1.17:5000,10.10.20.15:5000
GUID(3232323736370000000000000000000000000000),10.10.1.16:5000,10.10.11.1:5000,10.10.20.16:5000
GUID(3131303036360000000000000000000000000000),10.10.15.20:5000,10.10.1.16:5000,10.10.5.16:5000
GUID(3932313731310000000000000000000000000000),10.10.7.1:5000,10.10.14.14:5000,10.10.20.17:5000
GUID(3137333436350000000000000000000000000000),10.10.14.8:5000,10.10.19.3:5000,10.10.18.2:5000
GUID(3833363638330000000000000000000000000000),10.10.20.13:5000,10.10.5.16:5000,10.10.7.13:5000
GUID(3538323237370000000000000000000000000000),10.10.11.10:5000,10.10.16.1:5000,10.10.20.16:5000
GUID(3433373939320000000000000000000000000000),10.10.11.4:5000,10.10.20.5:5000,10.10.11.11:5000
GUID(3439303136330000000000000000000000000000),10.10.16.5:5000,10.10.18.20:5000,10.10.20.19:5000
GUID(3631373937320000000000000000000000000000),10.10.1.15:5000,10.10.10.4:5000,10.10.13.14:5000
GUID(3235323332370000000000000000000000000000),10.10.4.19:5000,10.10.18.20:5000,10.10.18.8:5000
GUID(3633353131000000000000000000000000000000),10.10.3.18:5000,10.10.1.12:5000,10.10.1.6:5000
GUID(3439313131310000000000000000000000000000),10.10.3.18:5000,10.10.16.5:5000,10.10.20.20:5000
GUID(3939383039370000000000000000000000000000),10.10.6.15:5000,10.10.7.14:5000,10.10.18.3:5000
GUID(3431303831000000000000000000000000000000),10.10.2.1:5000,10.10.13.3:5000,10.10.20.9:5000
GUID(3836373533330000000000000000000000000000),10.10.19.1:5000,10.10.6.15:5000,10.10.1.4:5000
GUID(3833343836350000000000000000000000000000),10.10.13.18:5000,10.10.11.10:5000,10.10.1.6:5000
GUID(3238363330350000000000000000000000000000),10.10.4.19:5000,10.10.20.13:5000,10.10.20.17:5000
GUID(3130303430000000000000000000000000000000),10.10.5.5:5000,10.10.3.3:5000,10.10.18.1:5000
GUID(3333303537360000000000000000000000000000),10.10.3.3:5000,10.10.3.19:5000,10.10.1.4:5000
GUID(3330333432360000000000000000000000000000),10.10.12.14:5000,10.10.11.4:5000,10.10.18.3:5000
GUID(3137383234300000000000000000000000000000),10.10.13.1:5000,10.10.1.8:5000,10.10.17.2:5000
GUID(3339393737350000000000000000000000000000),10.10.13.1:5000,10.10.5.20:5000,10.10.7.11:5000
GUID(3632323332330000000000000000000000000000),10.10.7.1:5000,10.10.14.14:5000,10.10.1.6:5000
GUID(3633363834380000000000000000000000000000),10.10.3.20:5000,10.10.13.1:5000,10.10.18.13:5000
GUID(3937343231360000000000000000000000000000),10.10.1.15:5000,10.10.18.13:5000,10.10.14.8:5000
GUID(3738363834320000000000000000000000000000),10.10.4.3:5000,10.10.17.11:5000,10.10.16.1:5000
GUID(3937373932310000000000000000000000000000),10.10.20.9:5000,10.10.1.4:5000
GUID(3534303238350000000000000000000000000000),10.10.2.1:5000,10.10.13.20:5000,10.10.4.1:5000
GUID(3539323032300000000000000000000000000000),10.10.15.20:5000,10.10.10.1:5000,10.10.10.4:5000
GUID(3634393934000000000000000000000000000000),10.10.1.0:5000,10.10.3.13:5000,10.10.14.10:5000
GUID(3938303035310000000000000000000000000000),10.10.12.14:5000,10.10.1.2:5000,10.10.19.20:5000
GUID(3539323338370000000000000000000000000000),10.10.3.18:5000,10.10.1.0:5000,10.10.20.20:5000
GUID(3839323434380000000000000000000000000000),10.10.3.1:5000,10.10.17.1:5000,10.10.18.2:5000
GUID(3437333532390000000000000000000000000000),10.10.10.17:5000,10.10.5.16:5000,10.10.1.4:5000
GUID(3234353633330000000000000000000000000000),10.10.1.19:5000,10.10.18.3:5000,10.10.1.6:5000
GUID(3439383136390000000000000000000000000000),10.10.1.15:5000,10.10.4.10:5000,10.10.1.6:5000
GUID(3531383437360000000000000000000000000000),10.10.4.19:5000,10.10.13.14:5000,10.10.13.13:5000
GUID(3338343036380000000000000000000000000000),10.10.6.20:5000,10.10.18.2:5000,10.10.20.17:5000
GUID(3732323232390000000000000000000000000000),10.10.6.20:5000,10.10.11.4:5000,10.10.15.15:5000
GUID(3239343131360000000000000000000000000000),10.10.10.20:5000,10.10.13.14:5000,10.10.2.6:5000
GUID(3138303039350000000000000000000000000000),10.10.1.8:5000,10.10.20.20:5000,10.10.17.1:5000
GUID(3936343939320000000000000000000000000000),10.10.15.20:5000,10.10.6.1:5000,10.10.16.1:5000
GUID(3732353835310000000000000000000000000000),10.10.6.20:5000,10.10.17.1:5000,10.10.11.11:5000
GUID(3732373936340000000000000000000000000000),10.10.16.5:5000,10.10.13.3:5000,10.10.1.10:5000
GUID(3838363136000000000000000000000000000000),10.10.3.19:5000,10.10.5.16:5000,10.10.10.11:5000
GUID(3332323732320000000000000000000000000000),10.10.2.1:5000,10.10.1.3:5000
GUID(3737313434340000000000000000000000000000),10.10.10.20:5000,10.10.20.4:5000,10.10.20.5:5000
GUID(3738313536310000000000000000000000000000),10.10.16.20:5000,10.10.6.20:5000,10.10.11.7:5000
GUID(3432343232340000000000000000000000000000),10.10.10.14:5000,10.10.20.19:5000,10.10.17.11:5000
GUID(3431333936370000000000000000000000000000),10.10.4.19:5000,10.10.13.7:5000,10.10.18.3:5000
GUID(3334323032360000000000000000000000000000),10.10.4.19:5000,10.10.7.14:5000,10.10.20.17:5000
GUID(3834333438330000000000000000000000000000),10.10.18.8:5000,10.10.1.7:5000,10.10.11.10:5000
GUID(3336333332000000000000000000000000000000),10.10.11.20:5000,10.10.1.4:5000,10.10.11.10:5000
GUID(3136353137330000000000000000000000000000),10.10.3.20:5000,10.10.4.20:5000,10.10.18.20:5000
GUID(3236353334320000000000000000000000000000),10.10.10.7:5000,10.10.14.14:5000,10.10.1.6:5000
GUID(3938363531350000000000000000000000000000),10.10.12.14:5000,10.10.20.13:5000,10.10.1.11:5000
GUID(3930333531380000000000000000000000000000),10.10.6.20:5000,10.10.1.2:5000,10.10.14.10:5000
GUID(3632373333320000000000000000000000000000),10.10.20.19:5000,10.10.11.7:5000,10.10.11.10:5000
GUID(3935313534390000000000000000000000000000),10.10.10.14:5000,10.10.10.1:5000,10.10.1.13:5000
GUID(3132363531340000000000000000000000000000),10.10.1.1:5000,10.10.1.10:5000,10.10.16.16:5000
GUID(3434353732320000000000000000000000000000),10.10.6.1:5000,10.10.10.11:5000,10.10.13.13:5000
GUID(3634363437370000000000000000000000000000),10.10.1.15:5000,10.10.20.18:5000,10.10.18.3:5000
GUID(3535393331330000000000000000000000000000),10.10.11.20:5000,10.10.10.20:5000,10.10.14.8:5000
GUID(3530383031310000000000000000000000000000),10.10.3.1:5000,10.10.1.16:5000,10.10.10.1:5000
GUID(3838303331300000000000000000000000000000),10.10.7.7:5000,10.10.12.7:5000,10.10.20.14:5000
GUID(3233323035330000000000000000000000000000),10.10.6.20:5000,10.10.3.13:5000,10.10.18.2:5000
GUID(3436313236380000000000000000000000000000),10.10.1.14:5000,10.10.13.7:5000,10.10.17.1:5000
GUID(3935333537350000000000000000000000000000),10.10.3.18:5000,10.10.20.20:5000,10.10.2.6:5000
GUID(3137303535350000000000000000000000000000),10.10.11.1:5000,10.10.18.20:5000,10.10.11.11:5000
GUID(3934313236390000000000000000000000000000),10.10.11.14:5000,10.10.6.20:5000,10.10.5.20:5000
GUID(3239393634370000000000000000000000000000),10.10.3.20:5000,10.10.3.13:5000,10.10.4.11:5000
GUID(3437353831340000000000000000000000000000),10.10.11.7:5000,10.10.14.14:5000,10.10.11.10:5000
GUID(3534383136390000000000000000000000000000),10.10.6.6:5000,10.10.1.18:5000,10.10.17.1:5000
GUID(3332373238320000000000000000000000000000),10.10.2.2:5000,10.10.20.19:5000,10.10.7.14:5000
GUID(3432373432340000000000000000000000000000),10.10.4.20:5000,10.10.20.9:5000,10.10.10.4:5000
GUID(3136353833370000000000000000000000000000),10.10.5.1:5000,10.10.6.1:5000,10.10.4.11:5000
GUID(3134313031340000000000000000000000000000),10.10.1.1:5000,10.10.7.14:5000,10.10.1.10:5000
GUID(3332383038340000000000000000000000000000),10.10.4.19:5000,10.10.20.12:5000,10.10.20.7:5000
GUID(3830363537300000000000000000000000000000),10.10.5.20:5000,10.10.17.10:5000,10.10.18.19:5000
GUID(3835313032340000000000000000000000000000),10.10.14.8:5000,10.10.19.19:5000,10.10.18.2:5000
GUID(3534343430370000000000000000000000000000),10.10.1.1:5000,10.10.11.7:5000,10.10.7.10:5000
GUID(3330333233370000000000000000000000000000),10.10.13.7:5000,10.10.20.16:5000,10.10.18.1:5000
GUID(3934363038360000000000000000000000000000),10.10.14.14:5000,10.10.16.1:5000,10.10.20.16:5000
GUID(3836323037360000000000000000000000000000),10.10.14.7:5000,10.10.20.2:5000,10.10.13.14:5000
GUID(3437323935310000000000000000000000000000),10.10.4.3:5000,10.10.13.18:5000,10.10.19.4:5000
GUID(3930323331320000000000000000000000000000),10.10.1.13:5000,10.10.4.10:5000,10.10.1.6:5000
GUID(3330373238000000000000000000000000000000),10.10.7.20:5000,10.10.7.1:5000,10.10.14.10:5000
GUID(3437373732390000000000000000000000000000),10.10.17.20:5000,10.10.18.20:5000,10.10.18.2:5000
GUID(3835323232380000000000000000000000000000),10.10.20.2:5000,10.10.20.15:5000,10.10.20.1:5000
GUID(3934303231310000000000000000000000000000),10.10.3.18:5000,10.10.5.16:5000,10.10.12.7:5000
GUID(3432333531360000000000000000000000000000),10.10.17.20:5000,10.10.20.9:5000,10.10.10.4:5000
GUID(3933363539000000000000000000000000000000),10.10.14.1:5000,10.10.1.11:5000
GUID(3237373438310000000000000000000000000000),10.10.14.7:5000,10.10.1.14:5000,10.10.19.1:5000
GUID(3830393033340000000000000000000000000000),10.10.14.7:5000,10.10.5.1:5000,10.10.20.14:5000
GUID(3437323733350000000000000000000000000000),10.10.17.20:5000,10.10.20.18:5000,10.10.7.10:5000
GUID(3132393231330000000000000000000000000000),10.10.20.6:5000,10.10.14.7:5000,10.10.1.5:5000
GUID(3732383032320000000000000000000000000000),10.10.20.7:5000,10.10.17.11:5000,10.10.7.10:5000
GUID(3935333834390000000000000000000000000000),10.10.3.1:5000,10.10.7.7:5000,10.10.4.1:5000
GUID(3236303635300000000000000000000000000000),10.10.4.19:5000,10.10.13.3:5000,10.10.18.8:5000
GUID(3736393632350000000000000000000000000000),10.10.20.12:5000,10.10.11.4:5000,10.10.2.6:5000
GUID(3935303339360000000000000000000000000000),10.10.17.20:5000,10.10.7.1:5000,10.10.1.14:5000
GUID(3436323238360000000000000000000000000000),10.10.1.15:5000,10.10.2.2:5000,10.10.18.13:5000
GUID(3832313139330000000000000000000000000000),10.10.16.20:5000,10.10.7.1:5000,10.10.20.2:5000
GUID(3532393531370000000000000000000000000000),10.10.11.1:5000,10.10.2.6:5000,10.10.13.13:5000
GUID(3332373733320000000000000000000000000000),10.10.3.1:5000,10.10.1.8:5000,10.10.2.6:5000
GUID(3237303235000000000000000000000000000000),10.10.4.3:5000,10.10.10.20:5000,10.10.7.13:5000
GUID(3934353037000000000000000000000000000000),10.10.15.1:5000,10.10.13.1:5000,10.10.3.19:5000
GUID(3732303233370000000000000000000000000000),10.10.15.20:5000,10.10.13.8:5000,10.10.18.2:5000
GUID(3235313731310000000000000000000000000000),10.10.17.1:5000,10.10.13.14:5000,10.10.20.16:5000
GUID(3138353933000000000000000000000000000000),10.10.7.7:5000,10.10.3.13:5000,10.10.13.8:5000
GUID(3238343436350000000000000000000000000000),10.10.20.7:5000,10.10.14.10:5000,10.10.20.19:5000
GUID(3737313131320000000000000000000000000000),10.10.19.4:5000,10.10.18.19:5000,10.10.17.2:5000
GUID(3636353839360000000000000000000000000000),10.10.2.1:5000,10.10.4.10:5000,10.10.18.2:5000
GUID(3332303734390000000000000000000000000000),10.10.17.10:5000,10.10.17.11:5000,10.10.7.11:5000
GUID(3338353434390000000000000000000000000000),10.10.3.13:5000,10.10.1.13:5000,10.10.1.19:5000
GUID(3336333431380000000000000000000000000000),10.10.12.1:5000,10.10.16.1:5000,10.10.18.1:5000
GUID(3331393934320000000000000000000000000000),10.10.11.14:5000,10.10.13.18:5000,10.10.20.20:5000
GUID(3837343832370000000000000000000000000000),10.10.10.4:5000,10.10.18.19:5000,10.10.20.17:5000
GUID(3931333336340000000000000000000000000000),10.10.1.16:5000,10.10.11.14:5000,10.10.3.3:5000
GUID(3233343132370000000000000000000000000000),10.10.4.3:5000,10.10.20.7:5000,10.10.2.20:5000
GUID(3338323330320000000000000000000000000000),10.10.1.0:5000,10.10.11.1:5000,10.10.20.14:5000
GUID(3933353733360000000000000000000000000000),10.10.3.18:5000,10.10.17.10:5000,10.10.10.17:5000
GUID(3535343237350000000000000000000000000000),10.10.1.7:5000,10.10.7.11:5000,10.10.20.15:5000
GUID(3430353535310000000000000000000000000000),10.10.20.13:5000,10.10.14.11:5000,10.10.1.10:5000
GUID(3438353032390000000000000000000000000000),10.10.17.10:5000,10.10.20.5:5000,10.10.18.2:5000
GUID(3439373531370000000000000000000000000000),10.10.6.20:5000,10.10.17.10:5000,10.10.19.1:5000
GUID(3332393430390000000000000000000000000000),10.10.13.18:5000,10.10.1.10:5000,10.10.1.3:5000
GUID(3834373738360000000000000000000000000000),10.10.1.17:5000,10.10.4.10:5000,10.10.20.4:5000
GUID(3534363931340000000000000000000000000000),10.10.6.20:5000,10.10.4.20:5000,10.10.10.20:5000
GUID(3234383334360000000000000000000000000000),10.10.1.2:5000,10.10.5.5:5000,10.10.14.7:5000
GUID(3235353831380000000000000000000000000000),10.10.2.1:5000,10.10.1.18:5000,10.10.20.18:5000
GUID(3433323736380000000000000000000000000000),10.10.1.16:5000,10.10.10.4:5000,10.10.11.10:5000
GUID(3231323938000000000000000000000000000000),10.10.12.1:5000,10.10.6.15:5000,10.10.1.19:5000
GUID(3830313733300000000000000000000000000000),10.10.6.20:5000,10.10.20.15:5000,10.10.7.10:5000
GUID(3130303331330000000000000000000000000000),10.10.17.10:5000,10.10.4.1:5000,10.10.13.13:5000
GUID(3436383134310000000000000000000000000000),10.10.17.20:5000,10.10.1.19:5000,10.10.10.11:5000
GUID(3131363338390000000000000000000000000000),10.10.12.14:5000,10.10.17.20:5000,10.10.15.1:5000
GUID(3439353431300000000000000000000000000000),10.10.1.11:5000,10.10.12.20:5000,10.10.20.15:5000
GUID(3430373837300000000000000000000000000000),10.10.4.19:5000,10.10.12.14:5000,10.10.2.6:5000
GUID(3933353630300000000000000000000000000000),10.10.20.10:5000,10.10.3.18:5000,10.10.11.17:5000
GUID(3230393739380000000000000000000000000000),10.10.3.3:5000,10.10.18.13:5000,10.10.1.3:5000
GUID(3630333233310000000000000000000000000000),10.10.10.14:5000,10.10.6.20:5000,10.10.11.10:5000
GUID(3138323939310000000000000000000000000000),10.10.3.13:5000,10.10.14.20:5000,10.10.20.16:5000
GUID(3739363038370000000000000000000000000000),10.10.3.19:5000,10.10.14.10:5000,10.10.10.11:5000
GUID(3233393932390000000000000000000000000000),10.10.2.1:5000,10.10.20.3:5000,10.10.20.4:5000
GUID(3431383230330000000000000000000000000000),10.10.16.5:5000,10.10.11.4:5000,10.10.20.4:5000
GUID(3335313331370000000000000000000000000000),10.10.3.18:5000,10.10.14.10:5000,10.10.13.14:5000
GUID(3736313132390000000000000000000000000000),10.10.20.2:5000,10.10.7.13:5000,10.10.14.14:5000
GUID(3231383233360000000000000000000000000000),10.10.12.1:5000,10.10.20.7:5000,10.10.5.16:5000
GUID(3536393134300000000000000000000000000000),10.10.14.7:5000,10.10.14.20:5000,10.10.11.10:5000
GUID(3530363636330000000000000000000000000000),10.10.11.14:5000,10.10.3.19:5000,10.10.7.11:5000
GUID(3239393032330000000000000000000000000000),10.10.1.7:5000,10.10.1.5:5000,10.10.11.11:5000
GUID(3138333337350000000000000000000000000000),10.10.4.20:5000,10.10.14.8:5000,10.10.1.10:5000
GUID(3839373030310000000000000000000000000000),10.10.6.6:5000,10.10.11.4:5000,10.10.2.20:5000
GUID(3938393230350000000000000000000000000000),10.10.20.10:5000,10.10.20.8:5000,10.10.17.1:5000
GUID(3437313332380000000000000000000000000000),10.10.4.1:5000,10.10.20.19:5000,10.10.1.6:5000
GUID(3439343235360000000000000000000000000000),10.10.2.2:5000,10.10.20.19:5000,10.10.20.16:5000
GUID(3837323037340000000000000000000000000000),10.10.1.8:5000,10.10.14.8:5000,10.10.20.17:5000
GUID(3336313231310000000000000000000000000000),10.10.1.15:5000,10.10.4.1:5000,10.10.18.1:5000
GUID(3734353935390000000000000000000000000000),10.10.5.5:5000,10.10.11.17:5000,10.10.10.20:5000
GUID(3935353532300000000000000000000000000000),10.10.17.10:5000,10.10.11.17:5000,10.10.20.20:5000
GUID(3239333637350000000000000000000000000000),10.10.16.20:5000,10.10.14.11:5000,10.10.18.19:5000
GUID(3331353935370000000000000000000000000000),10.10.18.20:5000,10.10.13.7:5000,10.10.11.10:5000
GUID(3735333535350000000000000000000000000000),10.10.5.1:5000,10.10.6.1:5000,10.10.1.4:5000
GUID(3832353938350000000000000000000000000000),10.10.20.6:5000,10.10.6.15:5000,10.10.10.11:5000
GUID(3136383036380000000000000000000000000000),10.10.2.2:5000,10.10.11.7:5000,10.10.2.20:5000
GUID(3830353830390000000000000000000000000000),10.10.13.3:5000,10.10.12.20:5000,10.10.14.8:5000
GUID(3534383235310000000000000000000000000000),10.10.12.14:5000,10.10.17.1:5000,10.10.16.16:5000
GUID(3631393533000000000000000000000000000000),10.10.1.16:5000,10.10.14.11:5000,10.10.1.5:5000
GUID(3631383932300000000000000000000000000000),10.10.12.14:5000,10.10.20.5:5000,10.10.19.20:5000
GUID(3336353231350000000000000000000000000000),10.10.1.1:5000,10.10.3.20:5000,10.10.1.3:5000
GUID(3836303439320000000000000000000000000000),10.10.1.2:5000,10.10.10.17:5000,10.10.19.4:5000
GUID(3831343836340000000000000000000000000000),10.10.17.10:5000,10.10.18.8:5000,10.10.7.14:5000
GUID(3839363431360000000000000000000000000000),10.10.5.1:5000,10.10.12.7:5000,10.10.20.19:5000
GUID(3134383939380000000000000000000000000000),10.10.3.18:5000,10.10.20.4:5000,10.10.10.7:5000
GUID(3430323039360000000000000000000000000000),10.10.7.7:5000,10.10.5.5:5000,10.10.11.10:5000
GUID(3735393430340000000000000000000000000000),10.10.1.16:5000,10.10.20.13:5000,10.10.6.1:5000
GUID(3339313436300000000000000000000000000000),10.10.13.8:5000,10.10.1.10:5000,10.10.1.4:5000
GUID(3834333832340000000000000000000000000000),10.10.13.7:5000,10.10.19.3:5000,10.10.14.14:5000
GUID(3838313632390000000000000000000000000000),10.10.16.5:5000,10.10.11.14:5000,10.10.1.19:5000
GUID(3231373835340000000000000000000000000000),10.10.16.5:5000,10.10.17.10:5000,10.10.16.16:5000
GUID(3138313439330000000000000000000000000000),10.10.10.1:5000,10.10.14.8:5000,10.10.17.1:5000
GUID(3830393437380000000000000000000000000000),10.10.3.1:5000,10.10.15.1:5000,10.10.11.10:5000
GUID(3538353831350000000000000000000000000000),10.10.1.11:5000,10.10.2.20:5000,10.10.16.16:5000
GUID(3531373131370000000000000000000000000000),10.10.3.13:5000,10.10.20.7:5000,10.10.4.11:5000
GUID(3537303133380000000000000000000000000000),10.10.1.10:5000,10.10.17.11:5000,10.10.11.11:5000
GUID(3139343734320000000000000000000000000000),10.10.20.12:5000,10.10.11.17:5000,10.10.6.1:5000
GUID(3838353032370000000000000000000000000000),10.10.12.20:5000,10.10.19.1:5000,10.10.13.13:5000
GUID(3931323034390000000000000000000000000000),10.10.2.2:5000,10.10.5.20:5000,10.10.13.20:5000
GUID(3539393437360000000000000000000000000000),10.10.11.14:5000,10.10.20.4:5000,10.10.18.19:5000
GUID(3234303931320000000000000000000000000000),10.10.15.1:5000,10.10.11.17:5000,10.10.1.4:5000
GUID(3430363234390000000000000000000000000000),10.10.1.16:5000,10.10.6.1:5000,10.10.20.16:5000
GUID(3433363639300000000000000000000000000000),10.10.4.10:5000,10.10.16.1:5000,10.10.20.1:5000
GUID(3233373035360000000000000000000000000000),10.10.20.13:5000,10.10.10.17:5000,10.10.5.1:5000
GUID(3535303036340000000000000000000000000000),10.10.4.1:5000,10.10.20.9:5000,10.10.20.19:5000
GUID(3436363735360000000000000000000000000000),10.10.5.1:5000,10.10.19.3:5000,10.10.13.14:5000
GUID(3537393237390000000000000000000000000000),10.10.10.20:5000,10.10.7.10:5000,10.10.20.17:5000
GUID(3639383135330000000000000000000000000000),10.10.12.14:5000,10.10.13.18:5000,10.10.7.14:5000
GUID(3330313931300000000000000000000000000000),10.10.7.20:5000,10.10.5.1:5000,10.10.19.4:5000
GUID(3239363130360000000000000000000000000000),10.10.3.18:5000,10.10.20.6:5000,10.10.10.20:5000
GUID(3134343831300000000000000000000000000000),10.10.12.14:5000,10.10.5.5:5000,10.10.20.1:5000
GUID(3530353034000000000000000000000000000000),10.10.7.13:5000,10.10.1.10:5000,10.10.7.11:5000
GUID(3134363537380000000000000000000000000000),10.10.20.8:5000,10.10.14.10:5000,10.10.13.14:5000
GUID(3234373039310000000000000000000000000000),10.10.16.20:5000,10.10.12.14:5000,10.10.17.11:5000
GUID(3336353639360000000000000000000000000000),10.10.11.1:5000,10.10.13.7:5000,10.10.7.13:5000
GUID(3137313030310000000000000000000000000000),10.10.4.19:5000,10.10.3.19:5000,10.10.1.8:5000
GUID(3833363734000000000000000000000000000000),10.10.20.18:5000,10.10.6.15:5000,10.10.16.1:5000
GUID(3535323230300000000000000000000000000000),10.10.11.4:5000,10.10.19.19:5000,10.10.13.13:5000
GUID(3339373232330000000000000000000000000000),10.10.11.17:5000,10.10.19.4:5000,10.10.16.1:5000
GUID(3933373639310000000000000000000000000000),10.10.15.1:5000,10.10.7.20:5000,10.10.5.16:5000
GUID(3936373130320000000000000000000000000000),10.10.17.10:5000,10.10.1.10:5000,10.10.7.11:5000
GUID(3735363532310000000000000000000000000000),10.10.12.14:5000,10.10.4.20:5000,10.10.2.6:5000
GUID(3539383730340000000000000000000000000000),10.10.20.12:5000,10.10.19.1:5000,10.10.2.20:5000
GUID(3934303839390000000000000000000000000000),10.10.15.1:5000,10.10.1.2:5000,10.10.12.20:5000
GUID(3331323735340000000000000000000000000000),10.10.17.10:5000,10.10.7.13:5000,10.10.20.1:5000
GUID(3431313637340000000000000000000000000000),10.10.1.18:5000,10.10.18.13:5000,10.10.1.20:5000
